sentiment,cnn_sentiment,lstm_sentiment,inferred,lx_sentiment
1,0.6535733342170715,0.38416388630867004,true,1
1,0.116116963326931,0.0011767251417040825,true,1
1,0.6535733342170715,0.38416388630867004,false,0
-1,0.4808856248855591,0.41537201404571533,true,-1
0,0.6535733342170715,0.38416388630867004,true,-1
0,0.3425407111644745,0.9567439556121826,false,0
1,0.6535733342170715,0.38416388630867004,false,0
-1,0.6053339242935181,0.6329061985015869,true,1
0,0.282502144575119,0.4481636583805084,false,0
1,0.3473933935165405,0.38496604561805725,false,0
1,0.043546129018068314,0.4885433316230774,true,1
1,0.9590616226196289,0.4229636788368225,true,1
1,0.9533202648162842,0.8403069376945496,true,1
0,0.6535733342170715,0.38416388630867004,true,0
1,0.814573347568512,0.1538865715265274,true,1
0,0.6535733342170715,0.38416388630867004,false,0
1,0.6535733342170715,0.38416388630867004,false,0
1,0.007566867396235466,0.414888471364975,true,1
1,0.4808856248855591,0.41537201404571533,true,1
1,0.0340491458773613,0.12629643082618713,true,1
0,0.13852068781852722,0.5795807838439941,true,-1
0,0.6535733342170715,0.38416388630867004,true,1
1,0.9919021129608154,0.5097798109054565,true,-1
1,0.6535733342170715,0.38416388630867004,false,0
1,0.56024569272995,0.4342406988143921,true,0
-1,0.6535733342170715,0.38416388630867004,false,0
0,0.6278911828994751,0.3113384246826172,true,0
0,0.6535733342170715,0.38416388630867004,false,0
0,0.6535733342170715,0.38416388630867004,true,1
1,0.9748958349227905,0.3006550073623657,true,1
0,0.8498049974441528,0.613638162612915,true,0
0,0.6535733342170715,0.38416388630867004,false,0
1,0.6535733342170715,0.38416388630867004,true,1
0,0.46831217408180237,0.4133946895599365,true,1
1,0.6535733342170715,0.38416388630867004,false,0
0,0.6535733342170715,0.38416388630867004,true,-1
0,0.6535733342170715,0.38416388630867004,true,1
1,0.15145359933376312,0.8492835164070129,true,0
-1,0.9916228652000427,0.3233424425125122,true,-1
1,0.9999127388000488,0.9057080745697021,false,0
-1,0.6535733342170715,0.38416388630867004,true,-1
-1,0.6535733342170715,0.38416388630867004,false,0
0,0.16669754683971405,0.43375638127326965,true,0
1,0.982446551322937,0.26002857089042664,true,1
-1,0.00001733151111693587,0.022231392562389374,true,-1
0,0.43256890773773193,0.35466158390045166,false,0
1,0.116116963326931,0.0026472429744899273,true,1
-1,0.8837373852729797,0.7281751036643982,true,-1
0,0.6535733342170715,0.38416388630867004,false,0
0,0.6535733342170715,0.38416388630867004,true,-1
1,0.6545054316520691,0.3973386585712433,true,1
0,0.6535733342170715,0.38416388630867004,false,0
0,0.8874720931053162,0.2108592689037323,false,0
-1,0.6535733342170715,0.38416388630867004,true,1
-1,0.1819809526205063,0.820155680179596,false,0
1,0.17126516997814178,0.02795397862792015,true,1
1,0.31218221783638,0.24121931195259094,true,1
1,0.6535733342170715,0.38416388630867004,true,1
0,0.6535733342170715,0.38416388630867004,false,0
-1,0.328887939453125,0.5943378210067749,false,0
-1,0.23478740453720093,0.247916579246521,true,1
-1,0.9983243942260742,0.878614604473114,true,1
1,0.4808856248855591,0.41537201404571533,true,1
0,0.3226798176765442,0.018404463306069374,true,0
1,0.6742376685142517,0.7543939352035522,false,0
1,0.6535733342170715,0.38416388630867004,true,-1
1,0.6535733342170715,0.38416388630867004,true,0
0,0.6535733342170715,0.38416388630867004,false,0
0,0.6535733342170715,0.38416388630867004,false,0
0,0.46831217408180237,0.4133946895599365,true,1
1,0.5411329865455627,0.6182475090026855,true,0
1,0.996110737323761,0.5812709331512451,true,0
1,0.045169223099946976,0.0001056062537827529,true,1
-1,0.6535733342170715,0.38416388630867004,true,0
1,0.4808856248855591,0.41537201404571533,false,0
0,0.9629617929458618,0.2951086461544037,false,0
0,0.7834232449531555,0.611174464225769,false,0
-1,0.000531563360709697,0.6980563998222351,true,-1
1,0.4815465807914734,0.0481397844851017,true,1
0,0.8883783221244812,0.31019872426986694,true,0
0,0.6535733342170715,0.38416388630867004,false,0
0,0.05753961205482483,0.5666087865829468,true,1
0,0.6535733342170715,0.38416388630867004,true,-1
1,0.6535733342170715,0.38416388630867004,false,0
-1,0.6535733342170715,0.38416388630867004,false,0
-1,0.46831217408180237,0.4133946895599365,true,-1
0,0.7353915572166443,0.17499490082263947,true,-1
1,0.8852222561836243,0.6076740026473999,true,1
1,0.40770629048347473,0.4298644959926605,true,1
0,0.6535733342170715,0.38416388630867004,false,0
-1,0.14802421629428864,0.4565429389476776,true,1
0,0.6535733342170715,0.38416388630867004,true,0
1,0.01930183544754982,0.31473618745803833,true,1
0,0.6535733342170715,0.38416388630867004,false,0
-1,0.6535733342170715,0.38416388630867004,true,-1
0,0.8477213978767395,0.71059650182724,true,0
1,0.4808856248855591,0.41537201404571533,true,1
0,0.6535733342170715,0.38416388630867004,true,1
1,0.2250952571630478,0.5087848901748657,true,0
-1,0.9715257883071899,0.6115074753761292,true,-1
-1,0.9657122492790222,0.8599482774734497,true,-1
0,0.9138129353523254,0.9412916302680969,false,0
1,0.6535733342170715,0.38416388630867004,false,0
1,0.46831217408180237,0.4133946895599365,true,1
1,0.6535733342170715,0.38416388630867004,true,1
0,0.4808856248855591,0.41537201404571533,false,0
0,0.5852610468864441,0.3755682706832886,true,0
0,0.9452601075172424,0.6266491413116455,false,0
0,0.5420863032341003,0.15480713546276093,true,0
1,0.5856716632843018,0.4002450704574585,true,1
1,0.6535733342170715,0.38416388630867004,true,1
1,0.4808856248855591,0.41537201404571533,true,1
-1,0.9041401743888855,0.3438419699668884,true,-1
0,0.4808856248855591,0.41537201404571533,false,0
1,0.4808856248855591,0.41537201404571533,true,0
1,0.00026931861066259444,0.5069987177848816,true,0
-1,0.46831217408180237,0.4133946895599365,true,1
1,0.4808856248855591,0.41537201404571533,true,0
0,0.002397665986791253,0.12409525364637375,true,-1
1,0.6535733342170715,0.38416388630867004,true,1
1,0.6535733342170715,0.38416388630867004,false,0
0,0.6535733342170715,0.38416388630867004,false,0
1,0.6535733342170715,0.38416388630867004,true,1
0,0.6535733342170715,0.38416388630867004,false,0
0,0.015308194793760777,0.42188701033592224,true,0
-1,0.6535733342170715,0.38416388630867004,false,0
-1,0.6535733342170715,0.38416388630867004,false,0
1,0.6535733342170715,0.38416388630867004,false,0
1,0.2590652108192444,0.11340589821338654,true,1
0,0.7236243486404419,0.6162539124488831,true,-1
0,0.6809880137443542,0.5991554260253906,true,1
-1,0.6535733342170715,0.38416388630867004,true,-1
1,0.9543620347976685,0.48828884959220886,false,0
0,0.27526161074638367,0.274905800819397,true,0
0,0.5194631814956665,0.40268999338150024,false,0
1,0.9994103312492371,0.5821539759635925,true,0
-1,0.9256848692893982,0.5848396420478821,true,1
-1,0.6535733342170715,0.38416388630867004,false,0
1,0.9046011567115784,0.5428997874259949,true,1
1,0.4815465807914734,0.0481397844851017,true,1
1,0.31218221783638,0.24121931195259094,true,1
1,0.6535733342170715,0.38416388630867004,true,-1
-1,0.6535733342170715,0.38416388630867004,true,-1
1,0.46831217408180237,0.4133946895599365,true,1
0,0.2391430139541626,0.06615645438432693,false,0
0,0.008513037115335464,0.012127268128097057,true,-1
-1,0.6535733342170715,0.38416388630867004,true,-1
-1,0.4818515181541443,0.727333128452301,false,0
1,0.6535733342170715,0.38416388630867004,false,0
1,0.9999884963035583,0.3303622305393219,true,1
0,0.6535733342170715,0.38416388630867004,false,0
1,0.4815465807914734,0.0481397844851017,true,1
1,0.4808856248855591,0.41537201404571533,false,0
0,0.00012413844524417073,0.0001775064883986488,false,0
0,0.6535733342170715,0.38416388630867004,false,0
-1,0.9995903968811035,0.8904892206192017,true,0
0,0.6535733342170715,0.38416388630867004,false,0
-1,0.6535733342170715,0.38416388630867004,true,-1
1,0.00033815106144174933,0.3727084994316101,false,0
0,0.6535733342170715,0.38416388630867004,false,0
-1,0.6535733342170715,0.38416388630867004,false,0
0,0.06330283731222153,0.004128125961869955,false,0
1,0.6535733342170715,0.38416388630867004,false,0
-1,0.44282642006874084,0.3465593159198761,true,-1
1,0.4815465807914734,0.0481397844851017,true,1
0,0.0065226168371737,0.10961687564849854,false,0
0,0.9992426633834839,0.9315406084060669,true,0
1,0.22214969992637634,0.045809537172317505,true,1
1,0.8238142132759094,0.6320223808288574,true,1
-1,0.7022901773452759,0.9722071290016174,false,0
-1,0.012593882158398628,0.5859411358833313,true,0
1,0.3712024688720703,0.4184616804122925,true,1
0,0.6535733342170715,0.38416388630867004,false,0
1,0.9998737573623657,0.9417991042137146,true,0
1,0.9657264351844788,0.45926305651664734,true,0
1,0.9998250603675842,0.9996803402900696,true,0
1,0.4815465807914734,0.0481397844851017,true,1
0,0.6535733342170715,0.38416388630867004,false,0
1,0.6535733342170715,0.38416388630867004,false,0
0,0.6535733342170715,0.38416388630867004,true,-1
-1,0.3228796422481537,0.7857186794281006,true,-1
0,0.6535733342170715,0.38416388630867004,true,-1
0,0.40770629048347473,0.4361931085586548,true,0
0,0.6535733342170715,0.38416388630867004,false,0
1,0.9999997615814209,0.7347866296768188,true,1
-1,0.6535733342170715,0.38416388630867004,false,0
0,0.282502144575119,0.4481636583805084,false,0
0,0.46831217408180237,0.4133946895599365,false,0
1,0.9536683559417725,0.6459958553314209,true,1
0,0.1093137115240097,0.09347449988126755,false,0
1,0.7705711126327515,0.5794239044189453,true,0
1,0.6535733342170715,0.38416388630867004,true,1
0,0.6535733342170715,0.38416388630867004,false,0
1,0.4815465807914734,0.0481397844851017,true,1
-1,0.028087131679058075,0.4255906641483307,true,-1
1,0.5481877326965332,0.6382203102111816,true,-1
1,0.9165639877319336,0.3777289092540741,true,1
0,0.0017831220757216215,0.9486380219459534,false,0
1,0.7802417278289795,0.15316632390022278,true,0
1,0.3712024688720703,0.4184616804122925,true,1
0,0.3691507577896118,0.43254098296165466,true,-1
1,0.22218096256256104,0.7171891927719116,true,-1
-1,0.6535733342170715,0.38416388630867004,true,-1
-1,0.6535733342170715,0.38416388630867004,true,-1
1,0.6535733342170715,0.38416388630867004,false,0
1,0.6535733342170715,0.38416388630867004,true,1
1,0.6238829493522644,0.1516893059015274,true,-1
0,0.4808856248855591,0.41537201404571533,true,1
-1,0.8108514547348022,0.4944766163825989,true,-1
-1,0.9961274862289429,0.9572235345840454,true,-1
1,0.2971736788749695,0.5500775575637817,true,1
1,0.6535733342170715,0.38416388630867004,false,0
1,0.4808856248855591,0.41537201404571533,true,1
0,0.6535733342170715,0.38416388630867004,true,-1
0,0.6535733342170715,0.38416388630867004,false,0
-1,0.7307375073432922,0.4392259120941162,false,0
0,0.03527873009443283,0.08635386824607849,false,0
1,0.9920321702957153,0.4223268926143646,true,0
1,0.684543251991272,0.872394323348999,true,0
0,0.4685758352279663,0.8576324582099915,false,0
1,0.4808856248855591,0.41537201404571533,true,1
0,0.09122822433710098,0.5946708917617798,false,0
-1,0.5404115915298462,0.5046810507774353,true,-1
0,0.6535733342170715,0.38416388630867004,true,1
1,0.6535733342170715,0.38416388630867004,false,0
1,0.46831217408180237,0.4133946895599365,true,0
1,0.6535733342170715,0.38416388630867004,true,1
0,0.06521109491586685,0.9149519205093384,true,0
0,0.6535733342170715,0.38416388630867004,true,-1
1,0.6535733342170715,0.38416388630867004,false,0
0,0.6535733342170715,0.38416388630867004,true,1
-1,0.6535733342170715,0.38416388630867004,true,-1
0,0.4808856248855591,0.41537201404571533,true,-1
0,0.6535733342170715,0.38416388630867004,false,0
0,0.6535733342170715,0.38416388630867004,false,0
1,0.6535733342170715,0.38416388630867004,false,0
0,0.08138363808393478,0.42825883626937866,true,1
-1,0.019603153690695763,0.6275688409805298,true,0
1,0.9999983906745911,0.061400361359119415,true,-1
1,0.7419773936271667,0.7289425730705261,true,1
1,0.4815465807914734,0.0481397844851017,true,1
-1,0.6739342212677002,0.3658357858657837,true,-1
0,0.6535733342170715,0.38416388630867004,false,0
0,0.3473933935165405,0.38496604561805725,false,0
0,0.34327760338783264,0.9396744966506958,false,0
0,0.44110894203186035,0.6603565812110901,true,0
-1,0.46831217408180237,0.4133946895599365,false,0
0,0.6535733342170715,0.38416388630867004,false,0
0,0.5643471479415894,0.9653181433677673,true,0
1,0.6535733342170715,0.38416388630867004,true,1
-1,0.6535733342170715,0.38416388630867004,true,0
0,0.9622803330421448,0.5797801613807678,false,0
1,0.9907788634300232,0.45085206627845764,true,1
0,0.6535733342170715,0.38416388630867004,false,0
0,0.6535733342170715,0.38416388630867004,false,0
0,0.9698817729949951,0.9434885382652283,true,0
0,0.6535733342170715,0.38416388630867004,false,0
0,0.6535733342170715,0.38416388630867004,true,-1
1,0.6535733342170715,0.38416388630867004,true,-1
1,0.6908170580863953,0.5636357665061951,true,1
1,0.6535733342170715,0.38416388630867004,false,0
0,0.6535733342170715,0.38416388630867004,true,-1
0,0.11144047230482101,0.44844701886177063,true,0
0,0.9872912168502808,0.41191035509109497,true,0
0,0.6535733342170715,0.38416388630867004,true,-1
1,0.46831217408180237,0.4133946895599365,true,0
-1,0.9995846748352051,0.017964450642466545,true,0
-1,0.8310839533805847,0.4511922001838684,true,1
1,0.6535733342170715,0.38416388630867004,true,1
-1,0.023477761074900627,0.22971372306346893,true,-1
0,0.6535733342170715,0.38416388630867004,false,0
1,0.6535733342170715,0.38416388630867004,false,0
1,0.0046509914100170135,0.487222820520401,false,0
0,0.3654807209968567,0.369890034198761,true,1
1,0.6535733342170715,0.38416388630867004,true,1
-1,0.6535733342170715,0.38416388630867004,true,1
-1,0.04638998582959175,0.8954627513885498,true,0
0,0.6535733342170715,0.38416388630867004,false,0
0,0.6535733342170715,0.38416388630867004,true,1
1,0.9996435046195984,0.6552680134773254,true,0
0,0.2073792666196823,0.2806588113307953,false,0
-1,0.6535733342170715,0.38416388630867004,true,-1
1,0.6535733342170715,0.38416388630867004,true,1
1,0.9848537445068359,0.05183979496359825,true,0
0,0.6535733342170715,0.38416388630867004,false,0
1,0.4815465807914734,0.0481397844851017,true,1
1,0.9900146722793579,0.7852777242660522,true,1
0,0.09544315934181213,0.508410632610321,true,0
0,0.6535733342170715,0.38416388630867004,false,0
1,0.6535733342170715,0.38416388630867004,true,1
1,0.6595003008842468,0.46049579977989197,true,1
1,0.9996406435966492,0.9658276438713074,true,1
0,0.22697854042053223,0.2597113847732544,false,0
0,0.5689980983734131,0.5154128074645996,true,0
-1,0.910225510597229,0.23314104974269867,true,0
0,0.000039241265767486766,0.45040589570999146,true,-1
1,0.9997689127922058,0.6546083092689514,true,0
0,0.6535733342170715,0.38416388630867004,true,-1
0,0.10096987336874008,0.5734217166900635,true,0
0,0.9998130202293396,0.7104541063308716,true,1
0,0.6535733342170715,0.38416388630867004,false,0
1,0.9999064803123474,0.18023601174354553,true,1
-1,0.00002340256469324231,0.7442466020584106,true,0
-1,0.03079378232359886,0.37586164474487305,false,0
1,0.4815465807914734,0.0481397844851017,true,1
1,0.9996389746665955,0.4030773341655731,true,1
-1,0.00022381890448741615,0.227609321475029,true,1
0,0.4808856248855591,0.41537201404571533,true,0
-1,0.4613778293132782,0.045519549399614334,true,1
-1,0.004064428154379129,0.48096105456352234,true,-1
1,0.8897700309753418,0.5264972448348999,true,1
0,0.4147454798221588,0.6322529911994934,false,0
0,0.36830729246139526,0.5917778015136719,false,0
0,0.6535733342170715,0.38416388630867004,false,0
1,0.8639548420906067,0.4109524190425873,true,1
1,0.6535733342170715,0.38416388630867004,true,1
1,0.6535733342170715,0.38416388630867004,true,1
0,0.4808856248855591,0.41537201404571533,true,0
1,0.6535733342170715,0.38416388630867004,true,1
1,0.008513037115335464,0.012127268128097057,true,-1
-1,0.232717826962471,0.49014341831207275,true,-1
-1,0.6535733342170715,0.38416388630867004,false,0
1,0.6535733342170715,0.38416388630867004,false,0
0,0.9938471913337708,0.6673585176467896,false,0
-1,0.9858598709106445,0.23235902190208435,true,-1
1,0.6363780498504639,0.8437469005584717,true,1
1,0.6535733342170715,0.38416388630867004,false,0
0,0.6535733342170715,0.38416388630867004,false,0
0,0.7098772525787354,0.8543700575828552,false,0
1,0.4808856248855591,0.41537201404571533,true,1
0,0.11798488348722458,0.7475908994674683,false,0
1,0.4815465807914734,0.0481397844851017,true,1
-1,0.5015025734901428,0.6698530316352844,false,0
0,0.9417775273323059,0.4228457808494568,true,0
1,0.4815465807914734,0.0481397844851017,true,1
1,0.9999673366546631,0.8424273133277893,true,0
0,0.6535733342170715,0.38416388630867004,true,1
1,0.4815465807914734,0.0481397844851017,true,1
0,0.9999547600746155,0.5788982510566711,true,1
0,0.6535733342170715,0.38416388630867004,false,0
1,0.6535733342170715,0.38416388630867004,false,0
0,0.005163396243005991,0.0960148498415947,false,0
-1,0.6535733342170715,0.38416388630867004,true,-1
1,0.8543704748153687,0.42112550139427185,false,0
0,0.6535733342170715,0.38416388630867004,true,1
0,0.9959070682525635,0.9538381099700928,true,0
0,0.4808856248855591,0.41537201404571533,true,1
0,0.9931368231773376,0.6849430799484253,false,0
0,0.017619313672184944,0.24903014302253723,true,1
1,0.6535733342170715,0.38416388630867004,true,1
0,0.6535733342170715,0.38416388630867004,true,1
0,0.6535733342170715,0.38416388630867004,true,0
1,0.025290032848715782,0.6959643959999084,true,1
-1,0.9948907494544983,0.895370364189148,false,0
0,0.5689980983734131,0.5154128074645996,true,0
-1,0.31402555108070374,0.10506507009267807,true,-1
0,0.6535733342170715,0.38416388630867004,true,-1
1,0.6535733342170715,0.38416388630867004,true,1
-1,0.6535733342170715,0.38416388630867004,true,0
1,0.6535733342170715,0.38416388630867004,true,1
-1,0.6535733342170715,0.38416388630867004,false,0
0,0.6535733342170715,0.38416388630867004,false,0
0,0.9981480240821838,0.6494156718254089,true,1
1,0.9993032217025757,0.951337456703186,true,0
0,0.6535733342170715,0.38416388630867004,true,-1
1,0.44923698902130127,0.8018414378166199,true,1
1,0.9847253561019897,0.8195053935050964,true,1
0,0.9911197423934937,0.9547830820083618,false,0
-1,0.6535733342170715,0.38416388630867004,true,-1
-1,0.0015507311327382922,0.5534010529518127,true,-1
-1,0.6535733342170715,0.38416388630867004,true,-1
-1,0.9856959581375122,0.7455945611000061,true,-1
-1,0.028434425592422485,0.38073498010635376,true,0
0,0.6332855820655823,0.5923486948013306,false,0
0,0.6535733342170715,0.38416388630867004,false,0
0,0.9598950743675232,0.9102505445480347,false,0
-1,0.977383017539978,0.9099348187446594,true,0
0,0.6535733342170715,0.38416388630867004,false,0
1,0.6535733342170715,0.38416388630867004,true,1
0,0.382671058177948,0.47120213508605957,false,0
-1,0.9951795339584351,0.822956919670105,true,1
0,0.6535733342170715,0.38416388630867004,false,0
1,0.4815465807914734,0.0481397844851017,true,1
0,0.7926937341690063,0.9813464283943176,false,0
-1,0.6535733342170715,0.38416388630867004,false,0
0,0.5194631814956665,0.41221892833709717,false,0
1,0.9999197721481323,0.5975722670555115,true,1
0,0.9340202212333679,0.5859143137931824,false,0
-1,0.6535733342170715,0.38416388630867004,false,0
1,0.6535733342170715,0.38416388630867004,true,1
0,0.6535733342170715,0.38416388630867004,false,0
0,0.6535733342170715,0.38416388630867004,true,1
0,0.6535733342170715,0.38416388630867004,false,0
1,0.4815465807914734,0.0481397844851017,true,1
1,0.4808856248855591,0.41537201404571533,false,0
0,0.6535733342170715,0.38416388630867004,false,0
0,0.6535733342170715,0.38416388630867004,false,0
0,0.9968759417533875,0.8213004469871521,true,1
-1,0.0032180685084313154,0.6999341249465942,true,-1
-1,0.00029726725188083947,0.619265079498291,true,0
0,0.3473933935165405,0.38496604561805725,false,0
0,0.6535733342170715,0.38416388630867004,false,0
0,0.9759488701820374,0.6561228036880493,true,0
0,0.46831217408180237,0.4133946895599365,true,1
-1,0.1830926239490509,0.11034662276506424,false,0
-1,0.31923553347587585,0.7099705338478088,true,-1
1,0.0013401397736743093,0.09943566471338272,true,1
1,0.008117184042930603,0.22805152833461761,true,1
-1,0.04877874255180359,0.020432008430361748,true,-1
-1,0.00048584051546640694,0.47193604707717896,true,-1
-1,0.019672077149152756,0.809166431427002,true,1
-1,0.9912824034690857,0.7468692660331726,true,-1
1,0.6535733342170715,0.38416388630867004,true,1
1,0.6535733342170715,0.38416388630867004,true,1
0,0.24972909688949585,0.521629273891449,true,1
1,0.6411460638046265,0.4203229248523712,true,1
-1,0.40770629048347473,0.4361931085586548,false,0
1,0.38641345500946045,0.5410849452018738,true,0
1,0.5572067499160767,0.5078510642051697,true,1
0,0.6535733342170715,0.38416388630867004,false,0
1,0.9995149970054626,0.3921293616294861,true,1
-1,0.8988759517669678,0.5691481232643127,true,-1
0,0.0011695337016135454,0.1960185319185257,true,1
0,0.41728025674819946,0.19509392976760864,true,0
1,0.8052306771278381,0.8361227512359619,false,0
1,0.0049876742996275425,0.013174410909414291,true,1
1,0.6535733342170715,0.38416388630867004,true,1
1,0.31218221783638,0.24121931195259094,true,1
1,0.9381004571914673,0.3159705102443695,false,0
0,0.6535733342170715,0.38416388630867004,true,1
1,0.2407083362340927,0.6005027294158936,true,1
1,0.116116963326931,0.0026472429744899273,true,1
1,0.005106151103973389,0.30235859751701355,true,1
1,0.012329176999628544,0.008173830807209015,true,1
0,0.6535733342170715,0.38416388630867004,false,0
-1,0.16189636290073395,0.8958899974822998,false,0
1,0.0023493750486522913,0.916985273361206,false,0
1,0.6535733342170715,0.38416388630867004,true,1
1,0.17126516997814178,0.33486518263816833,true,1
-1,0.3416810929775238,0.67989182472229,true,0
1,0.9934901595115662,0.972229540348053,false,0
0,0.4808856248855591,0.41537201404571533,true,1
1,0.46831217408180237,0.4133946895599365,true,1
0,0.1357644498348236,0.2041211575269699,false,0
0,0.9999839067459106,0.738143265247345,true,1
-1,0.6535733342170715,0.38416388630867004,true,-1
0,0.6535733342170715,0.38416388630867004,true,1
0,0.0006861903821118176,0.0009480913868173957,true,0
1,0.04373171180486679,0.15117163956165314,true,1
1,0.5151119828224182,0.26471057534217834,false,0
1,0.9998483061790466,0.6108509302139282,true,0
0,0.6535733342170715,0.38416388630867004,false,0
-1,0.6535733342170715,0.38416388630867004,false,0
1,0.9997684359550476,0.6946302652359009,true,1
-1,0.9103862047195435,0.5893780589103699,false,0
0,0.9978742599487305,0.9767979383468628,true,-1
-1,0.00005232491821516305,0.010614530183374882,true,0
-1,0.6535733342170715,0.38416388630867004,true,-1
0,0.6535733342170715,0.38416388630867004,false,0
0,0.6017649173736572,0.5263574123382568,true,-1
0,0.282502144575119,0.4481636583805084,false,0
-1,0.6535733342170715,0.38416388630867004,false,0
0,0.36395642161369324,0.9109857082366943,true,0
0,0.19134552776813507,0.039930522441864014,false,0
1,0.6535733342170715,0.38416388630867004,false,0
1,0.9543163180351257,0.7865970730781555,true,1
-1,0.9260154962539673,0.439974308013916,true,-1
0,0.982927143573761,0.420240193605423,true,0
1,0.07055998593568802,0.13123160600662231,true,1
0,0.6535733342170715,0.38416388630867004,false,0
0,0.9616106152534485,0.5123305320739746,true,1
0,0.6535733342170715,0.38416388630867004,false,0
1,0.9999329447746277,0.8591784834861755,true,1
1,0.6535733342170715,0.38416388630867004,true,1
1,0.4808856248855591,0.41537201404571533,true,1
1,0.6535733342170715,0.38416388630867004,true,0
0,0.9341676831245422,0.009920168668031693,true,0
-1,0.04551273584365845,0.4972063899040222,true,-1
0,0.9973815083503723,0.7271671295166016,true,1
0,0.6535733342170715,0.38416388630867004,false,0
1,0.4808856248855591,0.41537201404571533,true,1
1,0.116116963326931,0.0026472429744899273,true,1
1,0.0509846955537796,0.37473976612091064,true,1
0,0.6535733342170715,0.38416388630867004,false,0
1,0.4808856248855591,0.41537201404571533,true,1
0,0.20370621979236603,0.9479721784591675,true,0
0,0.008715659379959106,0.40489229559898376,false,0
0,0.6535733342170715,0.38416388630867004,true,1
0,0.6535733342170715,0.38416388630867004,false,0
0,0.6535733342170715,0.38416388630867004,false,0
0,0.6535733342170715,0.38416388630867004,false,0
0,0.6535733342170715,0.38416388630867004,false,0
-1,0.993446409702301,0.4786205291748047,true,0
1,0.9991282820701599,0.15815187990665436,true,1
1,0.4808856248855591,0.41537201404571533,true,1
-1,0.463013231754303,0.4954894483089447,true,0
0,0.6535733342170715,0.38416388630867004,false,0
1,0.6535733342170715,0.38416388630867004,true,1
-1,0.7433102130889893,0.09690829366445541,true,-1
-1,0.6535733342170715,0.38416388630867004,true,-1
0,0.03209102526307106,0.6642325520515442,false,0
-1,0.970246434211731,0.8468530178070068,true,1
1,0.6535733342170715,0.38416388630867004,true,1
-1,0.9076988697052002,0.7052123546600342,true,-1
1,0.6535733342170715,0.38416388630867004,true,1
0,0.6535733342170715,0.38416388630867004,false,0
-1,0.9503223896026611,0.8844561576843262,true,-1
0,0.8261760473251343,0.17298349738121033,true,1
1,0.6535733342170715,0.38416388630867004,true,1
1,0.9991430044174194,0.9855919480323792,true,0
-1,0.9971288442611694,0.5422250032424927,true,-1
0,0.6535733342170715,0.38416388630867004,true,1
1,0.0008205280755646527,0.5352398157119751,true,0
1,0.6535733342170715,0.38416388630867004,true,1
1,0.116116963326931,0.056830063462257385,true,1
-1,0.000008031585821299814,0.005904644727706909,true,1
1,0.116116963326931,0.10203364491462708,true,1
0,0.8444138765335083,0.40099290013313293,true,-1
0,0.6535733342170715,0.38416388630867004,false,0
0,0.9944262504577637,0.9957647323608398,true,0
1,0.4808856248855591,0.41537201404571533,true,1
1,0.6535733342170715,0.38416388630867004,false,0
1,0.9999082088470459,0.9624118208885193,false,0
-1,0.6535733342170715,0.38416388630867004,true,-1
1,0.6535733342170715,0.38416388630867004,true,1
0,0.6535733342170715,0.38416388630867004,true,0
0,0.17352110147476196,0.09736606478691101,false,0
1,0.6535733342170715,0.38416388630867004,false,0
0,0.8295402526855469,0.3516369163990021,true,-1
1,0.6535733342170715,0.38416388630867004,true,1
0,0.6535733342170715,0.38416388630867004,false,0
0,0.48243698477745056,0.3960424065589905,false,0
0,0.6535733342170715,0.38416388630867004,true,-1
1,0.9999992251396179,0.46598806977272034,true,-1
1,0.56024569272995,0.4342406988143921,true,0
0,0.8031173348426819,0.5089708566665649,true,1
0,0.4796909987926483,0.446094810962677,true,1
1,0.6535733342170715,0.38416388630867004,false,0
1,0.6535733342170715,0.38416388630867004,false,0
-1,0.949864387512207,0.7313219904899597,true,1
0,0.07221151143312454,0.017678333446383476,false,0
0,0.9501855969429016,0.473715215921402,false,0
-1,0.6269719004631042,0.37563008069992065,false,0
0,0.00350848282687366,0.5942580103874207,true,0
-1,0.0633154809474945,0.6391435861587524,true,-1
1,0.01773131638765335,0.49478158354759216,true,1
1,0.9400097727775574,0.8507561087608337,true,1
-1,0.0000069793413786101155,0.26473718881607056,true,-1
1,0.06166549026966095,0.9298543930053711,false,0
1,0.9999999403953552,0.9937534332275391,true,0
1,0.6535733342170715,0.38416388630867004,true,0
-1,0.999823272228241,0.631489098072052,true,0
0,0.006068841088563204,0.5059507489204407,false,0
-1,0.6535733342170715,0.38416388630867004,true,-1
1,0.8939954042434692,0.5124857425689697,true,1
0,0.6535733342170715,0.38416388630867004,false,0
-1,0.0012608272954821587,0.155328169465065,true,0
1,0.6535733342170715,0.38416388630867004,false,0
0,0.6535733342170715,0.38416388630867004,true,1
0,0.6535733342170715,0.38416388630867004,false,0
-1,0.6535733342170715,0.38416388630867004,true,-1
1,0.7748566269874573,0.5112630128860474,true,1
0,0.6535733342170715,0.38416388630867004,false,0
0,0.6535733342170715,0.38416388630867004,false,0
1,0.4815465807914734,0.0481397844851017,true,1
1,0.6535733342170715,0.38416388630867004,false,0
1,0.6535733342170715,0.38416388630867004,true,1
-1,0.008182285353541374,0.30509355664253235,true,0
1,0.4815465807914734,0.0481397844851017,true,1
1,0.4815465807914734,0.0481397844851017,true,1
-1,0.6535733342170715,0.38416388630867004,true,0
-1,0.6535733342170715,0.38416388630867004,true,-1
-1,0.9905194044113159,0.9675695896148682,true,-1
0,0.9991825819015503,0.9291639924049377,true,0
-1,0.00021991331595927477,0.0003395661769900471,true,-1
-1,0.6535733342170715,0.38416388630867004,true,-1
1,0.6535733342170715,0.38416388630867004,true,-1
1,0.9934491515159607,0.3520706295967102,false,0
-1,0.6535733342170715,0.38416388630867004,true,0
-1,0.6535733342170715,0.38416388630867004,false,0
1,0.6535733342170715,0.38416388630867004,true,1
1,0.3712024688720703,0.4184616804122925,true,1
0,0.028323980048298836,0.18893270194530487,true,-1
1,0.9999818801879883,0.981779932975769,true,0
1,0.996889591217041,0.8389241695404053,false,0
0,0.9643481969833374,0.2954307794570923,false,0
1,0.1800919771194458,0.4073280990123749,true,1
1,0.989004909992218,0.38478049635887146,true,0
1,0.17570649087429047,0.011631266213953495,true,1
1,0.4815465807914734,0.0481397844851017,true,1
0,0.019914017990231514,0.3753347396850586,true,0
1,0.6535733342170715,0.38416388630867004,false,0
0,0.6535733342170715,0.38416388630867004,false,0
0,0.6535733342170715,0.38416388630867004,true,-1
1,0.7803238034248352,0.3241140842437744,true,1
0,0.9889006614685059,0.7637554407119751,true,0
1,0.8850233554840088,0.9397344589233398,false,0
0,0.6535733342170715,0.38416388630867004,false,0
0,0.6535733342170715,0.38416388630867004,false,0
-1,0.6535733342170715,0.38416388630867004,true,-1
0,0.04368099197745323,0.02465495839715004,false,0
0,0.000983414240181446,0.02051914669573307,false,0
-1,0.6535733342170715,0.38416388630867004,true,0
1,0.6535733342170715,0.38416388630867004,true,1
-1,0.6535733342170715,0.38416388630867004,true,-1
1,0.6535733342170715,0.38416388630867004,true,1
-1,0.6535733342170715,0.38416388630867004,false,0
0,0.6535733342170715,0.38416388630867004,true,0
1,0.6158504486083984,0.4459723234176636,true,1
0,0.4808856248855591,0.41537201404571533,true,1
-1,0.25514382123947144,0.31120890378952026,true,0
-1,0.999204695224762,0.5050560235977173,true,-1
1,0.0394626148045063,0.8188035488128662,true,1
1,0.4808856248855591,0.41537201404571533,true,1
0,0.6535733342170715,0.38416388630867004,true,1
-1,0.5742655992507935,0.32475611567497253,true,0
1,0.028653260320425034,0.937409520149231,true,0
1,0.6535733342170715,0.38416388630867004,true,1
-1,0.6535733342170715,0.38416388630867004,true,-1
-1,0.6535733342170715,0.38416388630867004,true,-1
1,0.8820200562477112,0.2831563651561737,true,0
1,0.4808856248855591,0.41537201404571533,false,0
0,0.9672527313232422,0.4834345877170563,true,0
0,0.6535733342170715,0.38416388630867004,false,0
-1,0.032226357609033585,0.2563416063785553,true,-1
1,0.6535733342170715,0.38416388630867004,true,-1
-1,0.6535733342170715,0.38416388630867004,false,0
1,0.8944235444068909,0.29876822233200073,false,0
-1,0.940365195274353,0.5715633630752563,true,-1
0,0.4613778293132782,0.045519549399614334,true,-1
0,0.267520546913147,0.5493867993354797,true,1
1,0.6535733342170715,0.38416388630867004,true,0
1,0.04638945683836937,0.0820002630352974,true,0
0,0.31501901149749756,0.4274377226829529,true,1
0,0.4808856248855591,0.41537201404571533,false,0
0,0.6535733342170715,0.38416388630867004,false,0
0,0.015285863541066647,0.03115190379321575,false,0
0,0.282502144575119,0.4481636583805084,false,0
0,0.6535733342170715,0.38416388630867004,true,-1
0,0.6535733342170715,0.38416388630867004,false,0
1,0.6187028288841248,0.5516442060470581,true,1
0,0.005686893593519926,0.42710328102111816,false,0
-1,0.6535733342170715,0.38416388630867004,true,-1
0,0.9470234513282776,0.4213986098766327,true,1
0,0.6535733342170715,0.38416388630867004,false,0
1,0.43868568539619446,0.20348791778087616,true,1
0,0.04643115773797035,0.28712353110313416,true,1
-1,0.6535733342170715,0.38416388630867004,true,-1
0,0.6535733342170715,0.38416388630867004,false,0
1,0.9880439639091492,0.5352474451065063,true,1
1,0.6535733342170715,0.38416388630867004,true,1
-1,0.6440459489822388,0.030466953292489052,true,-1
-1,0.9999721646308899,0.9484362006187439,true,-1
0,0.1431789994239807,0.41471898555755615,true,0
0,0.009309432469308376,0.07593314349651337,true,-1
0,0.06548194587230682,0.14845368266105652,false,0
0,0.9967531561851501,0.1236913725733757,false,0
-1,0.6535733342170715,0.38416388630867004,false,0
0,0.9691222906112671,0.1657615751028061,true,1
1,0.9924370050430298,0.939252495765686,false,0
1,0.5515689253807068,0.5497318506240845,false,0
-1,0.6943907737731934,0.7193266153335571,true,-1
0,0.6535733342170715,0.38416388630867004,false,0
0,0.9944108128547668,0.8236778378486633,true,1
0,0.6535733342170715,0.38416388630867004,false,0
1,0.116116963326931,0.00019106331455986947,true,1
0,0.09540177881717682,0.43186843395233154,true,0
1,0.9977182149887085,0.3554096221923828,false,0
-1,0.9989221692085266,0.9126715660095215,true,-1
0,0.7165408134460449,0.1339132934808731,false,0
-1,0.9824380874633789,0.4411250948905945,false,0
0,0.6510770916938782,0.4057142436504364,false,0
0,0.3473933935165405,0.38496604561805725,false,0
1,0.6535733342170715,0.38416388630867004,true,-1
0,0.6510770916938782,0.4057142436504364,false,0
-1,0.07125111669301987,0.6141498684883118,true,-1
1,0.06880178302526474,0.6737605929374695,true,1
0,0.9978173971176147,0.6058934330940247,true,0
-1,0.6535733342170715,0.38416388630867004,false,0
0,0.6535733342170715,0.38416388630867004,true,-1
0,0.19585581123828888,0.7146060466766357,false,0
0,0.6535733342170715,0.38416388630867004,true,1
1,0.8454917669296265,0.6021835207939148,true,1
1,0.9998483061790466,0.6108509302139282,true,0
-1,0.32620736956596375,0.7359854578971863,true,0
1,0.6535733342170715,0.38416388630867004,true,1
1,0.9943224787712097,0.04959402233362198,true,1
0,0.6535733342170715,0.38416388630867004,false,0
1,0.11479867249727249,0.058886706829071045,true,1
0,0.8711016178131104,0.032377228140830994,false,0
1,0.116116963326931,0.00020518583187367767,true,1
0,0.9419713020324707,0.7183037400245667,false,0
0,0.6535733342170715,0.38416388630867004,false,0
0,0.6535733342170715,0.38416388630867004,false,0
1,0.2864809036254883,0.2856365144252777,true,1
-1,0.8885861039161682,0.7927250266075134,true,0
1,0.4808856248855591,0.41537201404571533,true,1
0,0.5689980983734131,0.5154128074645996,true,1
1,0.00026576820528134704,0.0013455963926389813,true,1
0,0.6535733342170715,0.38416388630867004,true,-1
1,0.6535733342170715,0.38416388630867004,true,-1
-1,0.9996418356895447,0.9966282844543457,true,0
0,0.06317826360464096,0.4440534710884094,false,0
1,0.6535733342170715,0.38416388630867004,false,0
0,0.4808856248855591,0.41537201404571533,true,1
1,0.9501519799232483,0.6093186736106873,true,1
1,0.9634886384010315,0.42577141523361206,false,0
1,0.9995241761207581,0.7854372262954712,true,1
1,0.9997147917747498,0.7695477604866028,false,0
-1,0.6535733342170715,0.38416388630867004,true,-1
1,0.9981942772865295,0.7032613754272461,true,0
1,0.6535733342170715,0.38416388630867004,false,0
1,0.9691277146339417,0.2787455916404724,true,1
0,0.9751933813095093,0.16044892370700836,false,0
1,0.460301011800766,0.03223058208823204,true,1
1,0.9915185570716858,0.7760428786277771,true,1
-1,0.5239880084991455,0.3091415762901306,true,-1
1,0.9922365546226501,0.9661592841148376,true,0
-1,0.6535733342170715,0.38416388630867004,true,-1
0,0.42507731914520264,0.2836185693740845,false,0
0,0.6535733342170715,0.38416388630867004,false,0
1,0.3342631757259369,0.4324710965156555,true,1
1,0.3712024688720703,0.4184616804122925,true,1
1,0.3712024688720703,0.4184616804122925,true,1
1,0.6333746910095215,0.9425581693649292,true,0
0,0.09540177881717682,0.43186843395233154,true,0
1,0.6535733342170715,0.38416388630867004,false,0
0,0.22621066868305206,0.3785914480686188,false,0
1,0.7981982827186584,0.22306841611862183,false,0
-1,0.9981989860534668,0.9578520655632019,false,0
0,0.004927064757794142,0.992724597454071,false,0
1,0.6535733342170715,0.38416388630867004,false,0
0,0.6535733342170715,0.38416388630867004,false,0
1,0.4815465807914734,0.0481397844851017,true,1
-1,0.6535733342170715,0.38416388630867004,true,-1
-1,0.8132962584495544,0.4010607600212097,false,0
0,0.6535733342170715,0.38416388630867004,true,1
1,0.3764668107032776,0.3081432282924652,false,0
1,0.6535733342170715,0.38416388630867004,true,1
-1,0.6535733342170715,0.38416388630867004,true,0
1,0.1954202502965927,0.28978416323661804,true,0
0,0.6535733342170715,0.38416388630867004,true,0
0,0.4808856248855591,0.41537201404571533,false,0
-1,0.8988759517669678,0.5691481232643127,true,-1
0,0.24613946676254272,0.23318825662136078,true,1
0,0.9915900230407715,0.9085962176322937,false,0
1,0.6535733342170715,0.38416388630867004,false,0
1,0.6535733342170715,0.38416388630867004,false,0
1,0.37026652693748474,0.2561684548854828,false,0
1,0.12571021914482117,0.8293678760528564,true,0
0,0.014071774668991566,0.342479407787323,true,0
0,0.12416565418243408,0.0664610043168068,false,0
0,0.9806501865386963,0.856567919254303,false,0
-1,0.4489538371562958,0.737320065498352,true,-1
0,0.6893819570541382,0.6721309423446655,false,0
0,0.46831217408180237,0.4133946895599365,true,1
1,0.9985125064849854,0.9629045128822327,true,0
-1,0.63249272108078,0.9556374549865723,false,0
-1,0.6535733342170715,0.38416388630867004,true,-1
-1,0.6535733342170715,0.38416388630867004,true,-1
0,0.6535733342170715,0.38416388630867004,false,0
1,0.9615200161933899,0.038043756037950516,true,1
1,0.0006471197120845318,0.15308450162410736,true,1
1,0.4815465807914734,0.0481397844851017,true,1
0,0.001504711457528174,0.7660616636276245,false,0
1,0.6535733342170715,0.38416388630867004,false,0
1,0.4808856248855591,0.41537201404571533,true,1
0,0.6535733342170715,0.38416388630867004,false,0
1,0.6535733342170715,0.38416388630867004,false,0
0,0.6535733342170715,0.38416388630867004,true,-1
0,0.6535733342170715,0.38416388630867004,false,0
0,0.6535733342170715,0.38416388630867004,true,-1
0,0.6535733342170715,0.38416388630867004,false,0
1,0.6535733342170715,0.38416388630867004,false,0
0,0.6535733342170715,0.38416388630867004,false,0
-1,0.0013471825513988733,0.6869515180587769,true,-1
0,0.6535733342170715,0.38416388630867004,true,1
1,0.6535733342170715,0.38416388630867004,true,1
0,0.6535733342170715,0.38416388630867004,true,1
0,0.0036335811018943787,0.4721982479095459,true,1
1,0.019914017990231514,0.3753347396850586,true,0
-1,0.00503286998718977,0.73770672082901,true,-1
1,0.6896036267280579,0.31111568212509155,true,1
1,0.047123342752456665,0.01472961064428091,true,1
0,0.2180081158876419,0.18729449808597565,true,0
1,0.4815465807914734,0.0481397844851017,true,1
1,0.6535733342170715,0.38416388630867004,true,1
1,0.6535733342170715,0.38416388630867004,false,0
0,0.6535733342170715,0.38416388630867004,true,1
0,0.9999831318855286,0.9995359182357788,true,0
1,0.07328600436449051,0.31186795234680176,false,0
1,0.0000024524938453396317,0.006940208841115236,true,1
1,0.6535733342170715,0.38416388630867004,false,0
1,0.6535733342170715,0.38416388630867004,true,1
-1,0.5568321943283081,0.34145593643188477,true,-1
0,0.0038736886344850063,0.1054430678486824,false,0
0,0.6051924228668213,0.43914151191711426,false,0
0,0.6535733342170715,0.38416388630867004,true,1
0,0.9998250603675842,0.9996803402900696,false,0
0,0.6535733342170715,0.38416388630867004,false,0
-1,0.00007575904601253569,0.010256891138851643,true,-1
1,0.6535733342170715,0.38416388630867004,true,1
0,0.6535733342170715,0.38416388630867004,false,0
-1,0.6535733342170715,0.38416388630867004,true,0
1,0.06252899020910263,0.4820976257324219,true,0
0,0.6535733342170715,0.38416388630867004,false,0
1,0.6535733342170715,0.38416388630867004,true,1
1,0.4808856248855591,0.41537201404571533,true,1
1,0.46831217408180237,0.4133946895599365,true,1
1,0.31218221783638,0.24121931195259094,true,1
1,0.989004909992218,0.38478049635887146,true,0
1,0.0004258145345374942,0.7062879204750061,true,1
0,0.047660086303949356,0.20265686511993408,true,1
0,0.9999377727508545,0.9915313720703125,false,0
-1,0.9812335968017578,0.5122411847114563,true,1
0,0.6918116211891174,0.044354259967803955,false,0
1,0.7020202875137329,0.4226139187812805,true,1
1,0.9190495014190674,0.5825866460800171,true,1
1,0.4808856248855591,0.41537201404571533,true,1
0,0.7491658329963684,0.30884337425231934,true,1
1,0.9997171759605408,0.8559858798980713,true,1
1,0.6535733342170715,0.38416388630867004,true,-1
1,0.9939682483673096,0.002474267967045307,true,1
-1,0.6535733342170715,0.38416388630867004,false,0
1,0.15469996631145477,0.4682367742061615,true,1
0,0.6535733342170715,0.38416388630867004,false,0
0,0.9073992967605591,0.44918274879455566,true,1
-1,0.8696439862251282,0.504347562789917,true,-1
1,0.1177917942404747,0.025075340643525124,true,1
-1,0.6535733342170715,0.38416388630867004,false,0
-1,0.6535733342170715,0.38416388630867004,true,0
1,0.9921985268592834,0.6760205030441284,true,1
0,0.4808856248855591,0.41537201404571533,true,-1
-1,0.6535733342170715,0.38416388630867004,true,-1
1,0.07481314986944199,0.6764560341835022,true,1
0,0.6535733342170715,0.38416388630867004,false,0
1,0.4808856248855591,0.41537201404571533,true,1
1,0.7692990899085999,0.7801500558853149,true,-1
-1,0.6535733342170715,0.38416388630867004,true,0
0,0.6535733342170715,0.38416388630867004,true,1
1,0.9884385466575623,0.4595222473144531,true,1
0,0.6535733342170715,0.38416388630867004,false,0
-1,0.20276769995689392,0.2751966714859009,false,0
1,0.4808856248855591,0.41537201404571533,true,1
1,0.6535733342170715,0.38416388630867004,true,1
-1,0.4808856248855591,0.41537201404571533,true,1
1,0.0046509914100170135,0.1899605542421341,false,0
0,0.00007389428355963901,0.11531936377286911,true,0
-1,0.818382740020752,0.2497856169939041,true,-1
-1,0.8607199192047119,0.8856521844863892,true,-1
1,0.6535733342170715,0.38416388630867004,true,1
1,0.9999943971633911,0.6247455477714539,true,1
1,0.6535733342170715,0.38416388630867004,false,0
0,0.8500686883926392,0.1733778864145279,true,0
0,0.6535733342170715,0.38416388630867004,false,0
1,0.6535733342170715,0.38416388630867004,true,1
0,0.6535733342170715,0.38416388630867004,true,1
1,0.12432768195867538,0.5502380132675171,true,0
-1,0.719221830368042,0.4130117893218994,true,-1
1,0.609642505645752,0.47204330563545227,true,1
-1,0.000008919284482544754,0.47654786705970764,true,0
-1,0.06039845943450928,0.37291091680526733,true,-1
1,0.4815465807914734,0.0481397844851017,true,1
1,0.6535733342170715,0.38416388630867004,true,0
0,0.13355720043182373,0.6704909205436707,false,0
1,0.6535733342170715,0.38416388630867004,true,1
1,0.6535733342170715,0.38416388630867004,true,1
0,0.6535733342170715,0.38416388630867004,false,0
-1,0.6535733342170715,0.38416388630867004,true,0
0,0.17986831068992615,0.03227800130844116,true,0
0,0.6535733342170715,0.38416388630867004,false,0
1,0.6535733342170715,0.38416388630867004,false,0
0,0.7813500165939331,0.41724082827568054,false,0
0,0.5403944253921509,0.06480549275875092,true,0
-1,0.6535733342170715,0.38416388630867004,true,-1
1,0.4815465807914734,0.0481397844851017,true,1
1,0.6535733342170715,0.38416388630867004,true,0
1,0.5856716632843018,0.4002450704574585,true,1
1,0.9991106986999512,0.5812972784042358,true,1
-1,0.6535733342170715,0.38416388630867004,false,0
1,0.6535733342170715,0.38416388630867004,true,1
1,0.9878897070884705,0.25025832653045654,false,0
0,0.6535733342170715,0.38416388630867004,false,0
-1,0.6535733342170715,0.38416388630867004,false,0
0,0.11841988563537598,0.5550799369812012,false,0
0,0.6535733342170715,0.38416388630867004,false,0
0,0.9998250603675842,0.9996803402900696,true,0
1,0.9952630996704102,0.5697822570800781,true,1
1,0.6535733342170715,0.38416388630867004,true,1
-1,0.041443534195423126,0.4032911956310272,true,-1
1,0.4815465807914734,0.0481397844851017,true,0
0,0.6535733342170715,0.38416388630867004,false,0
-1,0.9898189306259155,0.4362078309059143,false,0
1,0.9979962110519409,0.22882899641990662,true,1
1,0.6535733342170715,0.38416388630867004,true,1
-1,0.08954241871833801,0.4073134958744049,true,-1
-1,0.8867859840393066,0.5294397473335266,true,-1
1,0.4815465807914734,0.0481397844851017,true,1
1,0.6535733342170715,0.38416388630867004,true,1
0,0.6549604535102844,0.936458945274353,false,0
1,0.6535733342170715,0.38416388630867004,true,1
0,0.6535733342170715,0.38416388630867004,true,1
-1,0.916576087474823,0.36144906282424927,true,-1
0,0.005713362246751785,0.5087431073188782,true,1
0,0.9698365330696106,0.4254056215286255,true,0
1,0.016807420179247856,0.8562792539596558,true,1
0,0.6535733342170715,0.38416388630867004,false,0
0,0.6535733342170715,0.38416388630867004,true,1
0,0.6535733342170715,0.38416388630867004,true,-1
0,0.6535733342170715,0.38416388630867004,false,0
0,0.6535733342170715,0.38416388630867004,true,1
1,0.6535733342170715,0.38416388630867004,true,1
0,0.03086787834763527,0.29543831944465637,true,1
1,0.07055998593568802,0.13123160600662231,true,1
0,0.6535733342170715,0.38416388630867004,false,0
-1,0.38782477378845215,0.20426183938980103,true,-1
0,0.6535733342170715,0.38416388630867004,false,0
0,0.9635739326477051,0.6934665441513062,false,0
1,0.0259536262601614,0.10914251208305359,true,1
1,0.9572126865386963,0.6237882375717163,true,1
1,0.6535733342170715,0.38416388630867004,false,0
0,0.6535733342170715,0.38416388630867004,false,0
1,0.9920873045921326,0.01536262221634388,true,0
-1,0.6535733342170715,0.38416388630867004,true,-1
1,0.15950417518615723,0.17904163897037506,true,1
1,0.6535733342170715,0.38416388630867004,false,0
1,0.005720827262848616,0.8951166868209839,true,1
0,0.5957625508308411,0.30046892166137695,true,1
1,0.6815380454063416,0.13432297110557556,false,0
-1,0.6535733342170715,0.38416388630867004,false,0
-1,0.906910240650177,0.47093164920806885,true,-1
1,0.8872637748718262,0.8852483630180359,true,0
1,0.4065544903278351,0.046300679445266724,true,0
-1,0.9877408742904663,0.4542262554168701,true,-1
0,0.9769951105117798,0.31037405133247375,false,0
1,0.9720357060432434,0.9222672581672668,true,1
0,0.6535733342170715,0.38416388630867004,false,0
1,0.842612624168396,0.48185715079307556,true,0
1,0.46831217408180237,0.4133946895599365,true,1
1,0.6535733342170715,0.38416388630867004,true,1
1,0.6535733342170715,0.38416388630867004,false,0
0,0.9851544499397278,0.4776191711425781,false,0
-1,0.5682578682899475,0.269142210483551,false,0
0,0.8147915005683899,0.6917339563369751,true,-1
0,0.6535733342170715,0.38416388630867004,true,1
0,0.9742684960365295,0.16029907763004303,false,0
1,0.9590616226196289,0.4229636788368225,true,1
1,0.996889591217041,0.8389241695404053,false,0
0,0.5689980983734131,0.5154128074645996,true,0
0,0.6535733342170715,0.38416388630867004,false,0
1,0.1961139589548111,0.1209021657705307,true,-1
-1,0.00028837594436481595,0.07026194036006927,true,0
1,0.6535733342170715,0.38416388630867004,true,1
1,0.4808856248855591,0.41537201404571533,true,1
0,0.27526161074638367,0.274905800819397,true,0
-1,0.6919134259223938,0.8467153310775757,true,0
-1,0.9427811503410339,0.404808908700943,true,0
1,0.8119564056396484,0.8148566484451294,true,0
1,0.6535733342170715,0.38416388630867004,true,1
1,0.8699098825454712,0.37916040420532227,true,1
0,0.01646394282579422,0.9385843873023987,false,0
-1,0.7668261528015137,0.5233420729637146,true,-1
0,0.7743968963623047,0.5549932718276978,true,1
0,0.6811890602111816,0.5086439251899719,true,-1
1,0.6535733342170715,0.38416388630867004,true,0
1,0.7508044242858887,0.49343329668045044,true,1
1,0.9999890327453613,0.47208690643310547,true,1
0,0.6535733342170715,0.38416388630867004,false,0
0,0.7239504456520081,0.7962700724601746,false,0
0,0.011446448042988777,0.6464603543281555,false,0
1,0.6535733342170715,0.38416388630867004,true,1
0,0.6535733342170715,0.38416388630867004,false,0
-1,0.0005598355201072991,0.44762328267097473,true,1
1,0.5689753890037537,0.8508221507072449,true,0
0,0.6535733342170715,0.38416388630867004,false,0
-1,0.00006436611147364601,0.13936854898929596,true,1
0,0.6535733342170715,0.38416388630867004,true,1
1,0.40770629048347473,0.4279000759124756,true,1
0,0.9668598771095276,0.43114224076271057,false,0
-1,0.6535733342170715,0.38416388630867004,false,0
1,0.6535733342170715,0.38416388630867004,false,0
0,0.9999842643737793,0.06178011745214462,true,-1
0,0.40770629048347473,0.4298644959926605,false,0
0,0.04769448935985565,0.11459185183048248,false,0
-1,0.6535733342170715,0.38416388630867004,false,0
1,0.9998483061790466,0.6108509302139282,true,0
-1,0.6535733342170715,0.38416388630867004,true,-1
0,0.6535733342170715,0.38416388630867004,false,0
1,0.07864300161600113,0.4984307289123535,true,1
1,0.2864809036254883,0.2856365144252777,true,1
0,0.6535733342170715,0.38416388630867004,false,0
1,0.22214969992637634,0.045809537172317505,true,1
1,0.32467877864837646,0.3067086637020111,true,0
1,0.9994772672653198,0.299551397562027,true,1
0,0.0001908302801894024,0.0005893261986784637,false,0
0,0.1886155903339386,0.016664516180753708,false,0
1,0.5856716632843018,0.4002450704574585,true,1
1,0.2392168492078781,0.009113646112382412,true,1
1,0.7939488887786865,0.32795271277427673,false,0
0,0.000283834378933534,0.2419445663690567,false,0
0,0.6535733342170715,0.38416388630867004,false,0
1,0.012441366910934448,0.8784022927284241,false,0
0,0.04312658682465553,0.930797278881073,true,0
-1,0.6535733342170715,0.38416388630867004,true,-1
-1,0.9983084797859192,0.5440366864204407,true,-1
-1,0.6535733342170715,0.38416388630867004,false,0
1,0.6535733342170715,0.38416388630867004,true,0
-1,0.6535733342170715,0.38416388630867004,false,0
-1,0.001100296969525516,0.21686744689941406,true,1
1,0.6535733342170715,0.38416388630867004,false,0
-1,0.46624961495399475,0.28936368227005005,true,-1
1,0.9995943903923035,0.9889901876449585,true,0
-1,0.6535733342170715,0.38416388630867004,true,-1
0,0.6535733342170715,0.38416388630867004,false,0
1,0.9888262748718262,0.3387126326560974,true,0
0,0.27990418672561646,0.8921154141426086,false,0
0,0.9816688299179077,0.7290259599685669,false,0
1,0.46831217408180237,0.4133946895599365,false,0
0,0.9994673728942871,0.84714275598526,true,1
-1,0.796245276927948,0.8628844022750854,true,0
1,0.6535733342170715,0.38416388630867004,false,0
1,0.6535733342170715,0.38416388630867004,true,1
0,0.6535733342170715,0.38416388630867004,true,0
1,0.4808856248855591,0.41537201404571533,true,1
1,0.6535733342170715,0.38416388630867004,true,1
-1,0.5040057301521301,0.11649619787931442,true,0
0,0.6535733342170715,0.38416388630867004,true,0
0,0.6535733342170715,0.38416388630867004,false,0
0,0.06814254075288773,0.4656234383583069,true,0
-1,0.22160233557224274,0.13561831414699554,true,-1
0,0.6535733342170715,0.38416388630867004,true,1
1,0.6535733342170715,0.38416388630867004,true,1
1,0.6535733342170715,0.38416388630867004,true,0
0,0.37767890095710754,0.41727113723754883,true,-1
-1,0.6535733342170715,0.38416388630867004,false,0
1,0.034688275307416916,0.5568729639053345,false,0
0,0.6535733342170715,0.38416388630867004,false,0
0,0.6535733342170715,0.38416388630867004,false,0
-1,0.7568517327308655,0.4295768439769745,true,1
0,0.6535733342170715,0.38416388630867004,false,0
1,0.3712024688720703,0.4184616804122925,true,1
1,0.6535733342170715,0.38416388630867004,true,1
1,0.116116963326931,0.0006099964375607669,true,1
1,0.6535733342170715,0.38416388630867004,true,1
1,0.6535733342170715,0.38416388630867004,false,0
0,0.6535733342170715,0.38416388630867004,false,0
1,0.116116963326931,0.00928749144077301,true,1
0,0.9342565536499023,0.6135432124137878,true,-1
0,0.4815465807914734,0.0481397844851017,true,0
1,0.2917715609073639,0.023697281256318092,true,1
0,0.6535733342170715,0.38416388630867004,false,0
1,0.9337195754051208,0.5419018268585205,true,1
0,8.383246097309893e-9,0.04363294318318367,false,0
1,0.9999992251396179,0.4720802903175354,true,1
0,0.5783669948577881,0.6087520718574524,false,0
1,0.5194631814956665,0.42131656408309937,true,1
-1,0.6535733342170715,0.38416388630867004,false,0
1,0.9997242093086243,0.9866748452186584,true,0
0,0.6535733342170715,0.38416388630867004,true,0
1,0.9383469223976135,0.4301120936870575,false,0
1,0.6535733342170715,0.38416388630867004,true,0
0,0.6632322669029236,0.501124918460846,false,0
1,0.7589137554168701,0.6904008984565735,true,0
0,0.5194631814956665,0.4065113663673401,true,1
1,0.00924650952219963,0.7094260454177856,true,1
1,0.008315452374517918,0.18379558622837067,true,1
0,0.5689980983734131,0.5154128074645996,true,0
0,0.8227072954177856,0.15966738760471344,true,-1
-1,0.6535733342170715,0.38416388630867004,true,-1
0,0.998634397983551,0.9351606369018555,false,0
-1,0.16107918322086334,0.3272697627544403,true,-1
0,0.5260558128356934,0.5840755105018616,false,0
-1,0.9610189199447632,0.35033488273620605,true,-1
1,0.9998157024383545,0.9904950261116028,true,1
0,0.9999940395355225,0.9998716115951538,true,1
1,0.999928891658783,0.5105509757995605,true,1
0,0.9672527313232422,0.4834345877170563,true,0
1,0.6535733342170715,0.38416388630867004,false,0
1,0.4815465807914734,0.0481397844851017,true,1
0,0.7107678055763245,0.5166053175926208,false,0
1,0.4815465807914734,0.0481397844851017,true,0
1,0.4808856248855591,0.41537201404571533,true,1
1,0.5935846567153931,0.8792359232902527,true,1
1,0.6535733342170715,0.38416388630867004,true,1
-1,0.6535733342170715,0.38416388630867004,false,0
-1,0.46831217408180237,0.4133946895599365,false,0
1,0.4815465807914734,0.0481397844851017,true,1
0,0.9389429688453674,0.5449521541595459,true,1
1,0.18646368384361267,0.44071412086486816,false,0
1,0.6535733342170715,0.38416388630867004,true,1
1,0.6535733342170715,0.38416388630867004,false,0
0,0.6535733342170715,0.38416388630867004,false,0
1,0.6535733342170715,0.38416388630867004,false,0
0,0.6535733342170715,0.38416388630867004,false,0
0,0.6535733342170715,0.38416388630867004,false,0
0,0.6535733342170715,0.38416388630867004,false,0
0,0.6535733342170715,0.38416388630867004,true,-1
0,0.9292688965797424,0.5213934183120728,false,0
1,0.061141692101955414,0.40859124064445496,true,0
1,0.6535733342170715,0.38416388630867004,true,1
0,0.4042315185070038,0.5530014038085938,false,0
-1,0.6535733342170715,0.38416388630867004,true,0
0,0.9777928590774536,0.6008142232894897,true,0
-1,0.00007859137986088172,0.08663857728242874,true,-1
1,0.995982825756073,0.8939241170883179,true,1
1,0.17126516997814178,0.22860772907733917,true,1
-1,0.728975236415863,0.25088295340538025,true,0
0,0.4808856248855591,0.41537201404571533,false,0
1,0.6535733342170715,0.38416388630867004,false,0
0,0.000002953219564005849,0.030790315940976143,true,1
0,0.6197062730789185,0.21116586029529572,false,0
-1,0.6535733342170715,0.38416388630867004,false,0
-1,0.9999969601631165,0.8095954060554504,true,-1
1,0.6535733342170715,0.38416388630867004,true,1
0,0.6535733342170715,0.38416388630867004,false,0
1,0.008029685355722904,0.8777630925178528,true,0
-1,0.6535733342170715,0.38416388630867004,false,0
0,0.6535733342170715,0.38416388630867004,false,0
1,0.6535733342170715,0.38416388630867004,true,1
1,0.6535733342170715,0.38416388630867004,false,0
0,0.7995490431785583,0.6978773474693298,true,0
0,0.6535733342170715,0.38416388630867004,true,1
0,0.6535733342170715,0.38416388630867004,false,0
1,0.4808856248855591,0.41537201404571533,true,1
1,0.47360190749168396,0.7822365164756775,true,1
1,0.6535733342170715,0.38416388630867004,true,0
0,0.6535733342170715,0.38416388630867004,false,0
1,0.9962054491043091,0.6493453979492188,true,1
0,0.6535733342170715,0.38416388630867004,false,0
0,0.09959344565868378,0.7427768707275391,false,0
1,0.6535733342170715,0.38416388630867004,false,0
1,0.6535733342170715,0.38416388630867004,true,1
0,0.2864809036254883,0.2856365144252777,false,0
1,0.864984393119812,0.6249874830245972,true,0
0,0.00002204777774750255,0.8422061800956726,false,0
1,0.6535733342170715,0.38416388630867004,true,1
0,0.6535733342170715,0.38416388630867004,true,1
-1,0.0006928275106474757,0.9041857719421387,true,-1
-1,0.4916680157184601,0.1610691398382187,true,-1
0,0.736274242401123,0.16775727272033691,false,0
1,0.9186764359474182,0.7844752669334412,true,1
-1,0.6535733342170715,0.38416388630867004,false,0
1,0.0954180508852005,0.0152042917907238,true,1
0,0.6535733342170715,0.38416388630867004,false,0
-1,0.0012964803026989102,0.26033374667167664,true,0
0,0.3920424282550812,0.6217525601387024,true,0
0,0.9995802044868469,0.0657564252614975,false,0
0,0.6535733342170715,0.38416388630867004,true,1
-1,0.2140374779701233,0.11290747672319412,true,-1
-1,0.6535733342170715,0.38416388630867004,false,0
-1,0.12974946200847626,0.3238848149776459,false,0
1,0.6535733342170715,0.38416388630867004,true,1
-1,0.004881983157247305,0.1090395376086235,true,-1
1,0.3712024688720703,0.4184616804122925,true,1
-1,0.6535733342170715,0.38416388630867004,false,0
-1,0.8294647336006165,0.8892665505409241,true,0
-1,0.9911197423934937,0.9547830820083618,false,0
0,0.6535733342170715,0.38416388630867004,true,1
1,0.9999762773513794,0.8206688761711121,true,1
0,0.6535733342170715,0.38416388630867004,true,1
1,0.6535733342170715,0.38416388630867004,true,1
1,0.07330814003944397,0.48679351806640625,true,1
0,0.6535733342170715,0.38416388630867004,true,0
0,0.38661256432533264,0.3913794755935669,true,-1
0,0.06128758192062378,0.4088601768016815,false,0
1,0.6274809837341309,0.28142815828323364,true,1
-1,0.999998927116394,0.4700745642185211,true,0
-1,0.6535733342170715,0.38416388630867004,true,-1
0,0.6535733342170715,0.38416388630867004,true,1
0,0.6535733342170715,0.38416388630867004,true,1
-1,0.27526161074638367,0.274905800819397,true,0
1,0.6535733342170715,0.38416388630867004,true,1
-1,0.6535733342170715,0.38416388630867004,true,0
-1,0.8699098825454712,0.37916040420532227,true,1
-1,0.6535733342170715,0.38416388630867004,true,-1
1,0.8388444185256958,0.21151848137378693,true,0
0,0.6535733342170715,0.38416388630867004,false,0
1,0.050649262964725494,0.230311781167984,false,0
0,0.9056322574615479,0.4434584379196167,false,0
1,0.9844270944595337,0.25971147418022156,false,0
0,0.6903740763664246,0.08063463121652603,true,-1
0,0.8287701606750488,0.8898595571517944,false,0
1,0.27521705627441406,0.511523962020874,true,1
1,0.6535733342170715,0.38416388630867004,true,1
1,0.1212645173072815,0.4780881702899933,false,0
1,0.4815465807914734,0.0481397844851017,true,1
0,0.6976824402809143,0.9086052179336548,false,0
0,0.2204027771949768,0.12144578993320465,false,0
0,0.6535733342170715,0.38416388630867004,false,0
1,0.6535733342170715,0.38416388630867004,true,1
1,0.6317653059959412,0.12070075422525406,true,1
0,0.20121857523918152,0.5223705172538757,true,1
1,0.3453913629055023,0.38176366686820984,false,0
1,0.6908913254737854,0.9451673626899719,true,0
1,0.3712024688720703,0.4184616804122925,true,1
0,0.6535733342170715,0.38416388630867004,true,1
-1,0.1832205057144165,0.9603662490844727,true,-1
0,0.9625059962272644,0.44606757164001465,true,0
-1,0.6624541282653809,0.2455647587776184,true,-1
-1,0.9930382370948792,0.6302036643028259,true,1
1,0.6535733342170715,0.38416388630867004,true,1
0,0.6535733342170715,0.38416388630867004,false,0
0,0.6535733342170715,0.38416388630867004,false,0
-1,0.11959055811166763,0.17847031354904175,true,-1
-1,0.8569009900093079,0.49141833186149597,true,0
0,0.782928466796875,0.4134221076965332,false,0
0,0.3875405192375183,0.7345893979072571,true,0
0,0.00010666040907381102,0.8239073753356934,false,0
0,0.771676778793335,0.03898376226425171,false,0
-1,0.6535733342170715,0.38416388630867004,true,-1
0,0.6535733342170715,0.38416388630867004,true,1
0,0.19134552776813507,0.039930522441864014,false,0
0,0.8283873796463013,0.2751350700855255,true,1
1,0.6535733342170715,0.38416388630867004,true,1
1,0.6535733342170715,0.38416388630867004,true,1
1,0.8609352111816406,0.7101080417633057,true,0
0,0.6535733342170715,0.38416388630867004,false,0
0,0.6535733342170715,0.38416388630867004,false,0
0,0.4613778293132782,0.045519549399614334,true,-1
1,0.9999939203262329,0.9071151614189148,true,1
1,0.9975740313529968,0.9567464590072632,true,1
1,0.2616320848464966,0.7336270213127136,true,1
1,0.12496163696050644,0.9647918343544006,true,1
0,0.6535733342170715,0.38416388630867004,false,0
-1,0.6535733342170715,0.38416388630867004,true,-1
0,0.0004118319775443524,0.56387859582901,true,0
1,0.3342631757259369,0.4324710965156555,true,1
1,0.6535733342170715,0.38416388630867004,true,1
1,0.9979516267776489,0.6794692277908325,true,1
1,0.4815465807914734,0.0481397844851017,true,1
0,0.9997890591621399,0.9889289736747742,true,0
0,0.6535733342170715,0.38416388630867004,false,0
0,0.6535733342170715,0.38416388630867004,false,0
-1,0.6535733342170715,0.38416388630867004,false,0
1,0.005699364002794027,0.577519416809082,true,0
0,0.8073214292526245,0.9458677768707275,false,0
0,0.6535733342170715,0.38416388630867004,false,0
-1,0.14898398518562317,0.08070871978998184,true,0
0,0.09609144926071167,0.406099408864975,true,1
0,0.7036659121513367,0.9703159332275391,false,0
0,0.6535733342170715,0.38416388630867004,true,-1
1,0.16644321382045746,0.3120749294757843,true,1
1,0.9758949279785156,0.5792708396911621,true,1
1,0.021371738985180855,0.1917031854391098,false,0
1,0.6535733342170715,0.38416388630867004,true,1
1,0.116116963326931,0.00019595793855842203,true,-1
-1,0.008746661245822906,0.36325332522392273,true,-1
1,0.6535733342170715,0.38416388630867004,true,1
0,0.9223783612251282,0.7847837805747986,false,0
1,0.4815465807914734,0.0481397844851017,true,1
1,0.5572067499160767,0.5078510642051697,true,1
1,0.6535733342170715,0.38416388630867004,true,1
0,0.6535733342170715,0.38416388630867004,true,1
0,0.00018451677169650793,0.053567998111248016,false,0
-1,0.6535733342170715,0.38416388630867004,false,0
0,0.6535733342170715,0.38416388630867004,false,0
0,0.09274457395076752,0.5952321887016296,true,1
-1,0.6535733342170715,0.38416388630867004,false,0
0,0.047660086303949356,0.20265686511993408,true,1
0,0.6535733342170715,0.38416388630867004,false,0
-1,0.9966728091239929,0.4065852165222168,true,-1
1,0.000002269041033287067,0.007388850674033165,false,0
1,0.2970258891582489,0.4188397526741028,true,1
-1,0.4922831952571869,0.234822079539299,false,0
0,0.9647420048713684,0.23562322556972504,false,0
0,0.0016719023697078228,0.09360969066619873,false,0
1,0.323847234249115,0.3081596791744232,true,1
1,0.6535733342170715,0.38416388630867004,true,1
-1,0.6535733342170715,0.38416388630867004,true,-1
-1,0.4808856248855591,0.41537201404571533,false,0
1,0.9634994864463806,0.841638445854187,true,0
0,0.6535733342170715,0.38416388630867004,false,0
0,0.9523112177848816,0.0282851941883564,false,0
1,0.004716524388641119,0.26439449191093445,false,0
1,0.722209632396698,0.3817702531814575,true,1
0,0.6535733342170715,0.38416388630867004,true,0
-1,0.2447531372308731,0.10576112568378448,false,0
0,0.6535733342170715,0.38416388630867004,false,0
0,0.01068281102925539,0.17299464344978333,false,0
0,0.6535733342170715,0.38416388630867004,true,1
0,0.9992068409919739,0.688737154006958,true,1
-1,0.6535733342170715,0.38416388630867004,true,0
-1,7.723555199845578e-7,0.05110785737633705,true,0
0,0.2720544934272766,0.13169752061367035,true,-1
-1,0.0009605404920876026,0.4675339460372925,true,-1
1,0.6535733342170715,0.38416388630867004,false,0
1,0.6535733342170715,0.38416388630867004,true,-1
0,0.6535733342170715,0.38416388630867004,true,1
-1,0.7180885076522827,0.38824263215065,true,-1
1,0.14412620663642883,0.1836351901292801,true,1
1,0.4808856248855591,0.41537201404571533,false,0
1,0.6535733342170715,0.38416388630867004,true,1
1,0.6535733342170715,0.38416388630867004,true,1
1,0.7917148470878601,0.6376978158950806,true,0
-1,0.6535733342170715,0.38416388630867004,false,0
1,0.20619294047355652,0.3753215968608856,true,1
-1,0.6535733342170715,0.38416388630867004,true,-1
0,0.6535733342170715,0.38416388630867004,false,0
1,0.6997187733650208,0.16997680068016052,true,1
1,0.6535733342170715,0.38416388630867004,true,1
1,0.6535733342170715,0.38416388630867004,true,1
0,0.35045310854911804,0.4121232330799103,false,0
0,0.8679338097572327,0.3916816711425781,false,0
1,0.18641960620880127,0.9540295600891113,true,1
0,0.42997416853904724,0.20471516251564026,true,1
1,0.4808856248855591,0.41537201404571533,true,1
0,0.6535733342170715,0.38416388630867004,true,1
1,0.11226311326026917,0.005867963656783104,true,1
-1,0.003761355532333255,0.5320531129837036,true,0
1,0.9999388456344604,0.6807087063789368,true,1
0,0.6535733342170715,0.38416388630867004,false,0
1,0.6535733342170715,0.38416388630867004,false,0
0,0.6535733342170715,0.38416388630867004,true,1
-1,2.240595620150998e-7,0.05622928589582443,true,1
1,0.6535733342170715,0.38416388630867004,true,1
1,0.6535733342170715,0.38416388630867004,false,0
0,0.7197614908218384,0.6392164826393127,true,0
-1,0.620201587677002,0.9105712175369263,false,0
-1,0.6535733342170715,0.38416388630867004,true,0
1,0.6535733342170715,0.38416388630867004,true,1
1,0.9105286598205566,0.43650275468826294,false,0
0,0.4614356458187103,0.3893226981163025,true,1
1,0.6535733342170715,0.38416388630867004,false,0
1,0.6535733342170715,0.38416388630867004,false,0
1,0.9915839433670044,0.38758164644241333,true,0
-1,0.8945494294166565,0.23549897968769073,true,-1
1,0.9417398571968079,0.4492400288581848,true,0
1,0.6535733342170715,0.38416388630867004,true,1
1,0.6535733342170715,0.38416388630867004,true,1
1,0.009427125565707684,0.07483934611082077,true,0
0,0.6629953384399414,0.5581739544868469,false,0
-1,0.08189097791910172,0.20192404091358185,false,0
1,0.6535733342170715,0.38416388630867004,false,0
1,0.6535733342170715,0.38416388630867004,true,-1
0,0.6535733342170715,0.38416388630867004,true,1
-1,0.6535733342170715,0.38416388630867004,false,0
1,0.6535733342170715,0.38416388630867004,false,0
0,0.0644504651427269,0.21647408604621887,false,0
0,0.6535733342170715,0.38416388630867004,false,0
0,0.9997504353523254,0.9968424439430237,false,0
1,0.9076988697052002,0.7052123546600342,false,0
1,0.9910664558410645,0.5596840381622314,true,1
0,0.6535733342170715,0.38416388630867004,true,-1
1,0.6535733342170715,0.38416388630867004,false,0
-1,0.6535733342170715,0.38416388630867004,true,-1
1,0.7508044242858887,0.49343329668045044,true,1
1,0.9740440845489502,0.3995200991630554,true,1
1,0.16405554115772247,0.784437358379364,true,1
0,0.6535733342170715,0.38416388630867004,false,0
0,0.6535733342170715,0.38416388630867004,true,-1
-1,0.6535733342170715,0.38416388630867004,false,0
-1,0.5052191019058228,0.024000059813261032,false,0
1,0.6535733342170715,0.38416388630867004,false,0
1,0.4815465807914734,0.0481397844851017,true,1
1,0.982446551322937,0.26002857089042664,true,1
1,0.6535733342170715,0.38416388630867004,false,0
0,0.6535733342170715,0.38416388630867004,true,1
0,0.6535733342170715,0.38416388630867004,false,0
1,0.996110737323761,0.5812709331512451,true,0
0,0.4808856248855591,0.41537201404571533,false,0
-1,0.8471649885177612,0.20165851712226868,true,0
1,0.001214639749377966,0.0021117436699569225,true,1
-1,0.7807413935661316,0.45695775747299194,true,-1
0,0.06769947707653046,0.44812285900115967,false,0
0,0.6535733342170715,0.38416388630867004,false,0
0,0.6535733342170715,0.38416388630867004,false,0
0,0.4696269631385803,0.5235410928726196,false,0
1,0.46831217408180237,0.4133946895599365,true,1
0,0.6535733342170715,0.38416388630867004,false,0
-1,0.6535733342170715,0.38416388630867004,true,0
1,0.4808856248855591,0.41537201404571533,true,1
-1,0.6535733342170715,0.38416388630867004,true,0
1,0.9684820175170898,0.4948921799659729,true,1
-1,0.0054918392561376095,0.9735780358314514,true,0
1,0.6535733342170715,0.38416388630867004,true,0
1,0.9723966121673584,0.10170028358697891,true,1
0,0.024473944678902626,0.6235982775688171,true,0
1,0.8496623039245605,0.598142683506012,true,1
0,0.6535733342170715,0.38416388630867004,true,1
-1,0.2773744463920593,0.19738949835300446,true,-1
0,0.21559646725654602,0.7707567811012268,true,1
-1,0.5178324580192566,0.08854981511831284,true,-1
1,0.02243487723171711,0.07291299104690552,true,1
0,0.6535733342170715,0.38416388630867004,false,0
1,0.6535733342170715,0.38416388630867004,false,0
0,0.9731432199478149,0.4850737154483795,false,0
-1,0.9905297160148621,0.672523021697998,false,0
0,0.017035724595189095,0.28263553977012634,true,-1
0,0.9571349620819092,0.7433332800865173,true,1
1,0.6535733342170715,0.38416388630867004,false,0
1,0.9999929666519165,0.9938662648200989,true,-1
0,0.7310464382171631,0.9770057201385498,true,0
-1,0.2963199019432068,0.05569526553153992,false,0
0,0.9766497611999512,0.9453478455543518,false,0
-1,0.6535733342170715,0.38416388630867004,true,-1
1,0.6535733342170715,0.38416388630867004,true,0
-1,0.005146933253854513,0.6989783048629761,true,-1
1,0.4808856248855591,0.41537201404571533,true,1
0,0.5429512858390808,0.03513361141085625,false,0
0,0.9904829859733582,0.9999309182167053,true,1
0,0.6535733342170715,0.38416388630867004,true,1
0,0.7300957441329956,0.07704827189445496,false,0
1,0.4808856248855591,0.41537201404571533,true,1
0,0.040289267897605896,0.7844138145446777,true,-1
1,0.6535733342170715,0.38416388630867004,true,1
1,0.3712024688720703,0.4184616804122925,true,1
1,0.09493835270404816,0.2505289614200592,true,0
0,0.641657829284668,0.3029274344444275,false,0
0,0.6717998385429382,0.19676275551319122,false,0
0,0.6535733342170715,0.38416388630867004,false,0
-1,0.007677981164306402,0.15388739109039307,true,-1
1,0.9997053742408752,0.5448643565177917,true,0
0,0.6535733342170715,0.38416388630867004,false,0
0,0.6535733342170715,0.38416388630867004,true,1
1,0.9922946691513062,0.9619690775871277,false,0
1,0.6535733342170715,0.38416388630867004,true,1
-1,0.09609144926071167,0.406099408864975,true,-1
0,0.6535733342170715,0.38416388630867004,true,-1
0,0.9525786638259888,0.6221188902854919,false,0
-1,0.018383417278528214,0.564694881439209,false,0
1,0.9830968379974365,0.7781414985656738,true,0
0,0.6535733342170715,0.38416388630867004,false,0
0,0.601076602935791,0.2225659191608429,false,0
0,0.7654731273651123,0.005079542752355337,true,0
1,0.6535733342170715,0.38416388630867004,true,1
1,0.4808856248855591,0.41537201404571533,true,1
0,0.9271591305732727,0.49930936098098755,false,0
0,0.6535733342170715,0.38416388630867004,false,0
0,0.9052134156227112,0.7673436403274536,true,-1
1,0.47069603204727173,0.4080919921398163,true,1
0,0.8585823774337769,0.8965483903884888,false,0
-1,0.5194631814956665,0.41188234090805054,false,0
1,0.6535733342170715,0.38416388630867004,true,1
0,0.6535733342170715,0.38416388630867004,false,0
-1,0.651348352432251,0.627547025680542,true,-1
0,0.6535733342170715,0.38416388630867004,false,0
1,0.6535733342170715,0.38416388630867004,true,1
0,0.17548659443855286,0.0890587866306305,false,0
1,0.4815465807914734,0.0481397844851017,true,1
1,0.46831217408180237,0.4133946895599365,true,1
-1,0.5744532942771912,0.4627534747123718,true,1
0,0.010112009011209011,0.08958843350410461,false,0
1,0.9999778270721436,0.9244860410690308,true,1
0,0.7590243220329285,0.34071993827819824,true,1
0,0.34700295329093933,0.004180425312370062,true,0
1,0.49857082962989807,0.24615781009197235,true,0
1,0.6535733342170715,0.38416388630867004,false,0
0,0.6586102843284607,0.6302224397659302,false,0
1,0.6535733342170715,0.38416388630867004,true,1
1,0.6535733342170715,0.38416388630867004,true,1
1,0.4815465807914734,0.0481397844851017,true,0
1,0.922168493270874,0.20114697515964508,true,1
1,0.6535733342170715,0.38416388630867004,true,1
0,0.2601959705352783,0.192816823720932,false,0
0,0.8279960751533508,0.8304915428161621,false,0
1,0.6535733342170715,0.38416388630867004,true,1
-1,0.6535733342170715,0.38416388630867004,true,1
1,0.21784044802188873,0.637884795665741,true,0
1,0.9448732733726501,0.780684232711792,true,0
1,0.9981310367584229,0.6891584396362305,true,0
-1,0.6535733342170715,0.38416388630867004,true,-1
1,0.996110737323761,0.5812709331512451,true,0
1,0.09122822433710098,0.5946708917617798,true,1
0,0.7193364500999451,0.5135970711708069,true,1
-1,0.6535733342170715,0.38416388630867004,false,0
1,0.4815465807914734,0.0481397844851017,true,1
1,0.6535733342170715,0.38416388630867004,false,0
0,0.6535733342170715,0.38416388630867004,false,0
0,0.6535733342170715,0.38416388630867004,false,0
0,0.9998250603675842,0.9996803402900696,false,0
0,0.6535733342170715,0.38416388630867004,false,0
0,0.0023691311944276094,0.2174682766199112,true,0
-1,0.6535733342170715,0.38416388630867004,true,1
1,0.6535733342170715,0.38416388630867004,false,0
1,0.6535733342170715,0.38416388630867004,false,0
1,0.6535733342170715,0.38416388630867004,false,0
1,0.4815465807914734,0.0481397844851017,true,1
1,0.07055998593568802,0.13123160600662231,true,1
-1,0.9996939897537231,0.9308596849441528,true,0
0,0.9993510842323303,0.999997079372406,false,0
-1,0.3723500370979309,0.4918559789657593,true,-1
0,0.07341182231903076,0.0009480927255935967,true,0
1,0.4808856248855591,0.41537201404571533,true,1
0,0.8584019541740417,0.3222121596336365,true,1
0,0.7580360770225525,0.8078910708427429,true,1
-1,0.3560534119606018,0.7915929555892944,true,0
0,0.4710254967212677,0.07801643759012222,false,0
-1,0.10366465896368027,0.11280607432126999,false,0
-1,0.0016461021732538939,0.5829737186431885,true,-1
1,0.07055998593568802,0.13123160600662231,true,1
1,0.282502144575119,0.4481636583805084,false,0
1,0.9998250603675842,0.9996803402900696,true,0
1,0.6535733342170715,0.38416388630867004,true,1
0,0.6535733342170715,0.38416388630867004,false,0
1,0.6535733342170715,0.38416388630867004,true,1
0,0.18552479147911072,0.027354322373867035,false,0
-1,0.9012790322303772,0.879085898399353,true,-1
0,0.8104075193405151,0.3656618893146515,false,0
-1,0.6535733342170715,0.38416388630867004,true,-1
-1,0.6535733342170715,0.38416388630867004,false,0
-1,0.9904859662055969,0.20340609550476074,false,0
1,0.07263277471065521,0.29283228516578674,true,1
1,0.004682066850364208,0.3200468420982361,true,0
1,0.6535733342170715,0.38416388630867004,true,1
1,0.644302248954773,0.5615770220756531,true,0
0,0.011732966639101505,0.1471632421016693,false,0
-1,0.00026202015578746796,0.6659302115440369,true,-1
-1,0.9993739128112793,0.834194004535675,true,0
-1,0.041514571756124496,0.010407607071101665,true,-1
1,0.6535733342170715,0.38416388630867004,false,0
0,0.8483521938323975,0.8856451511383057,true,1
-1,0.6535733342170715,0.38416388630867004,true,-1
0,0.6535733342170715,0.38416388630867004,false,0
0,0.6535733342170715,0.38416388630867004,false,0
1,0.1212645173072815,0.46451446413993835,false,0
0,0.5170169472694397,0.044470734894275665,false,0
0,0.5426409244537354,0.4597032070159912,false,0
1,0.6535733342170715,0.38416388630867004,true,1
0,0.6535733342170715,0.38416388630867004,false,0
0,0.4066268801689148,0.8414508104324341,true,1
0,0.6535733342170715,0.38416388630867004,true,1
0,0.018372876569628716,0.3129062354564667,false,0
-1,0.9624496698379517,0.933535099029541,true,0
-1,0.6535733342170715,0.38416388630867004,false,0
1,0.4815465807914734,0.0481397844851017,true,1
0,0.998449981212616,0.5211390852928162,false,0
0,0.46831217408180237,0.4133946895599365,true,-1
0,0.6525355577468872,0.4140372574329376,false,0
1,0.4815465807914734,0.0481397844851017,true,1
1,0.7752103209495544,0.11155299097299576,false,0
1,0.40770629048347473,0.4332239627838135,true,1
1,0.2790699899196625,0.6548213362693787,true,1
0,0.0020311735570430756,0.6903925538063049,true,0
1,0.9987536668777466,0.6420501470565796,true,1
0,0.04643115773797035,0.28712353110313416,true,1
0,0.16326434910297394,0.12617626786231995,false,0
-1,0.5640168786048889,0.6560969352722168,true,-1
0,0.282502144575119,0.4481636583805084,false,0
0,0.017817476764321327,0.4403109848499298,false,0
1,0.6535733342170715,0.38416388630867004,true,1
0,0.6535733342170715,0.38416388630867004,false,0
1,0.8857172727584839,0.7775256037712097,true,1
0,0.43256890773773193,0.35466158390045166,false,0
0,0.6535733342170715,0.38416388630867004,false,0
0,0.00007359421579167247,0.21746894717216492,true,-1
1,0.4815465807914734,0.0481397844851017,true,1
1,0.9979432225227356,0.7088377475738525,true,1
1,0.3712024688720703,0.4184616804122925,true,1
1,0.6535733342170715,0.38416388630867004,false,0
0,0.6535733342170715,0.38416388630867004,false,0
1,0.6535733342170715,0.38416388630867004,true,1
0,0.6535733342170715,0.38416388630867004,false,0
-1,0.9946619868278503,0.439070463180542,true,1
1,0.6535733342170715,0.38416388630867004,true,1
0,0.6535733342170715,0.38416388630867004,false,0
1,0.6535733342170715,0.38416388630867004,false,0
1,0.039574719965457916,0.34591248631477356,true,1
-1,0.9842084646224976,0.3971392810344696,true,-1
1,0.6535733342170715,0.38416388630867004,false,0
0,0.6535733342170715,0.38416388630867004,true,-1
1,0.6535733342170715,0.38416388630867004,false,0
1,0.29632917046546936,0.41297629475593567,false,0
0,0.6535733342170715,0.38416388630867004,false,0
1,0.6535733342170715,0.38416388630867004,false,0
0,0.7666915059089661,0.5207996964454651,false,0
0,0.6535733342170715,0.38416388630867004,false,0
0,0.4808856248855591,0.41537201404571533,false,0
-1,0.0014907504664734006,0.4848157465457916,true,-1
1,0.7618746161460876,0.17725472152233124,true,-1
0,0.45848143100738525,0.5080835819244385,true,0
-1,0.08067953586578369,0.5861559510231018,true,-1
0,0.6535733342170715,0.38416388630867004,true,-1
-1,0.0005967976176179945,0.08139363676309586,true,-1
0,0.9999057054519653,0.998684287071228,true,-1
0,0.0010420037433505058,0.30728644132614136,false,0
1,0.000016821097233332694,0.14331486821174622,true,1
1,0.902061939239502,0.9775692820549011,true,1
1,0.6535733342170715,0.38416388630867004,false,0
0,0.6411460638046265,0.4203229248523712,true,1
0,0.6535733342170715,0.38416388630867004,false,0
1,0.6535733342170715,0.38416388630867004,true,1
0,0.006926071830093861,0.5795649290084839,true,-1
-1,0.017394594848155975,0.10040537267923355,true,-1
1,0.9887635111808777,0.023606987670063972,false,0
-1,0.039591316133737564,0.8174721598625183,true,-1
-1,0.4164271652698517,0.44191646575927734,true,-1
-1,0.6535733342170715,0.38416388630867004,true,-1
0,0.721100389957428,0.48390087485313416,false,0
0,0.7891361713409424,0.06112717092037201,false,0
1,0.6535733342170715,0.38416388630867004,true,1
0,0.9952084422111511,0.9190791845321655,true,0
-1,0.8978244066238403,0.875348687171936,false,0
-1,0.9996190071105957,0.7190712094306946,true,0
0,0.4808856248855591,0.41537201404571533,true,1
0,0.6535733342170715,0.38416388630867004,false,0
0,0.38782477378845215,0.20426183938980103,true,-1
0,0.855911374092102,0.7885327935218811,true,0
-1,0.8854249119758606,0.1997571885585785,true,-1
0,0.6535733342170715,0.38416388630867004,true,1
1,0.6376358866691589,0.013374350033700466,true,1
0,0.6535733342170715,0.38416388630867004,false,0
1,0.6896620392799377,0.6165514588356018,true,1
0,0.6535733342170715,0.38416388630867004,false,0
-1,0.44110894203186035,0.5819159150123596,true,0
-1,0.6535733342170715,0.38416388630867004,true,0
0,0.6535733342170715,0.38416388630867004,true,1
-1,0.6535733342170715,0.38416388630867004,true,-1
0,0.6603224277496338,0.8852218389511108,false,0
-1,0.045256275683641434,0.5148715972900391,false,0
0,0.6535733342170715,0.38416388630867004,false,0
-1,0.000039241265767486766,0.45040589570999146,true,-1
0,0.6535733342170715,0.38416388630867004,false,0
-1,0.6535733342170715,0.38416388630867004,false,0
1,0.9978907704353333,0.644798219203949,true,-1
-1,0.6535733342170715,0.38416388630867004,true,-1
0,0.6535733342170715,0.38416388630867004,false,0
1,0.6535733342170715,0.38416388630867004,false,0
1,0.6222769618034363,0.6590297818183899,true,0
0,0.48862960934638977,0.41388416290283203,true,1
0,0.9228036403656006,0.8334502577781677,true,1
1,0.6535733342170715,0.38416388630867004,true,0
1,0.6535733342170715,0.38416388630867004,true,1
0,0.6535733342170715,0.38416388630867004,false,0
1,0.6535733342170715,0.38416388630867004,false,0
1,0.6535733342170715,0.38416388630867004,true,1
1,0.0023835294414311647,0.20128092169761658,true,-1
1,0.56024569272995,0.4342406988143921,true,0
0,0.6535733342170715,0.38416388630867004,false,0
-1,0.9759655594825745,0.9196370244026184,false,0
-1,0.9978197813034058,0.20680300891399384,true,-1
0,0.6535733342170715,0.38416388630867004,false,0
1,0.5810919404029846,0.5618442296981812,true,1
0,0.27526161074638367,0.274905800819397,true,0
0,0.6535733342170715,0.38416388630867004,false,0
0,0.6535733342170715,0.38416388630867004,false,0
-1,0.993066668510437,0.3020961582660675,true,0
0,0.6535733342170715,0.38416388630867004,true,0
1,0.6535733342170715,0.38416388630867004,false,0
1,0.282502144575119,0.4481636583805084,false,0
1,0.6535733342170715,0.38416388630867004,false,0
0,0.6535733342170715,0.38416388630867004,false,0
1,0.9743281602859497,0.28739216923713684,true,1
0,0.443297803401947,0.3618932068347931,false,0
-1,0.4613778293132782,0.045519549399614334,true,1
0,0.6535733342170715,0.38416388630867004,true,1
0,0.6535733342170715,0.38416388630867004,true,1
1,0.6535733342170715,0.38416388630867004,false,0
-1,0.6535733342170715,0.38416388630867004,true,-1
0,0.902042031288147,0.285488486289978,false,0
1,0.4815465807914734,0.0481397844851017,true,1
0,0.6535733342170715,0.38416388630867004,false,0
1,0.1737571656703949,0.21946537494659424,true,1
1,0.6535733342170715,0.38416388630867004,false,0
0,0.9999479055404663,0.9516178369522095,false,0
1,0.6535733342170715,0.38416388630867004,true,1
1,0.0023373509757220745,0.24653853476047516,true,0
-1,0.006245634984225035,0.34079691767692566,true,-1
1,0.9768139719963074,0.876049280166626,true,1
1,0.13913972675800323,0.19748549163341522,true,1
0,0.6535733342170715,0.38416388630867004,false,0
-1,0.9944818019866943,0.4646868109703064,true,-1
1,0.009351171553134918,0.19052135944366455,true,1
1,0.07795844227075577,0.1807021051645279,true,1
1,0.4815465807914734,0.0481397844851017,true,1
0,0.582135796546936,0.40174195170402527,false,0
1,0.9827023148536682,0.24741774797439575,true,1
0,0.8340777158737183,0.5080121159553528,true,0
1,0.8847768306732178,0.28091904520988464,true,1
1,0.993125855922699,0.2565297782421112,true,1
1,0.6535733342170715,0.38416388630867004,true,1
-1,0.000011513851859490387,0.5111585855484009,false,0
0,0.6338308453559875,0.6409160494804382,true,0
0,0.9913618564605713,0.9939889311790466,false,0
0,0.6535733342170715,0.38416388630867004,false,0
0,0.6535733342170715,0.38416388630867004,false,0
-1,0.5621838569641113,0.4434674084186554,true,1
-1,0.6535733342170715,0.38416388630867004,true,-1
0,0.9501855969429016,0.473715215921402,false,0
-1,0.6535733342170715,0.38416388630867004,true,-1
1,0.46831217408180237,0.4133946895599365,true,1
0,0.9644509553909302,0.09349988400936127,true,0
1,0.116116963326931,0.00019225775031372905,true,1
0,0.4415016174316406,0.8889058232307434,true,1
1,0.9999547600746155,0.5788982510566711,true,1
-1,0.6535733342170715,0.38416388630867004,false,0
1,0.6535733342170715,0.38416388630867004,false,0
0,0.6535733342170715,0.38416388630867004,true,1
-1,0.1401907056570053,0.2220229059457779,true,-1
-1,0.023928863927721977,0.7582207322120667,false,0
0,0.6535733342170715,0.38416388630867004,false,0
-1,0.9969002604484558,0.37318718433380127,false,0
1,0.6535733342170715,0.38416388630867004,true,1
0,0.6535733342170715,0.38416388630867004,false,0
0,0.6535733342170715,0.38416388630867004,true,1
0,0.6535733342170715,0.38416388630867004,false,0
-1,0.6535733342170715,0.38416388630867004,true,-1
-1,0.9089410305023193,0.2915598452091217,true,0
0,0.6535733342170715,0.38416388630867004,false,0
0,0.6535733342170715,0.38416388630867004,false,0
0,0.6535733342170715,0.38416388630867004,false,0
1,0.00314080948010087,0.015644045546650887,false,0
1,0.9998250603675842,0.9996803402900696,true,0
1,0.6535733342170715,0.38416388630867004,true,1
0,0.6535733342170715,0.38416388630867004,false,0
1,0.6249266862869263,0.6727917790412903,false,0
0,0.9501855969429016,0.473715215921402,false,0
0,0.6535733342170715,0.38416388630867004,false,0
1,0.4815465807914734,0.0481397844851017,true,1
1,0.6535733342170715,0.38416388630867004,true,1
0,0.4808856248855591,0.41537201404571533,true,0
0,0.6535733342170715,0.38416388630867004,false,0
1,0.29924821853637695,0.4256705939769745,true,1
1,0.22214969992637634,0.045809537172317505,true,1
0,0.3771844506263733,0.47305381298065186,true,-1
0,0.9999290108680725,0.7671818137168884,true,1
1,0.9625433683395386,0.669073760509491,true,1
1,0.5689980983734131,0.5154128074645996,true,0
0,0.9767589569091797,0.8293113708496094,false,0
-1,0.6535733342170715,0.38416388630867004,false,0
1,0.6535733342170715,0.38416388630867004,true,0
1,0.6535733342170715,0.38416388630867004,true,1
0,0.9858598709106445,0.23235902190208435,true,-1
0,0.6535733342170715,0.38416388630867004,false,0
1,0.0037991413846611977,0.5755391716957092,true,-1
1,0.997244656085968,0.993630588054657,true,1
-1,0.0023680641315877438,0.10679934918880463,true,0
1,0.44036710262298584,0.3540753722190857,true,1
0,0.6535733342170715,0.38416388630867004,false,0
-1,0.7979253530502319,0.2807590067386627,false,0
1,0.4815465807914734,0.0481397844851017,true,1
1,0.3139777183532715,0.3150913417339325,true,0
1,0.4808856248855591,0.41537201404571533,true,1
1,0.6535733342170715,0.38416388630867004,true,1
-1,0.0023305260110646486,0.031627070158720016,true,-1
1,0.6535733342170715,0.38416388630867004,false,0
-1,0.05963641777634621,0.12178212404251099,true,-1
0,0.6535733342170715,0.38416388630867004,false,0
-1,0.019274676218628883,0.4582850933074951,true,0
1,0.6535733342170715,0.38416388630867004,false,0
0,0.6535733342170715,0.38416388630867004,false,0
1,0.4815465807914734,0.0481397844851017,true,1
0,0.9871199131011963,0.4674986004829407,true,1
1,0.6535733342170715,0.38416388630867004,true,0
-1,0.4808856248855591,0.41537201404571533,false,0
1,0.6535733342170715,0.38416388630867004,true,0
1,0.6535733342170715,0.38416388630867004,false,0
0,0.6535733342170715,0.38416388630867004,false,0
-1,0.6535733342170715,0.38416388630867004,true,0
-1,0.38181033730506897,0.37896719574928284,false,0
-1,0.6535733342170715,0.38416388630867004,true,1
1,0.6535733342170715,0.38416388630867004,false,0
1,0.6535733342170715,0.38416388630867004,true,1
1,0.4815465807914734,0.0481397844851017,true,1
1,0.0706537514925003,0.26539120078086853,true,1
1,0.4815465807914734,0.0481397844851017,true,1
0,0.6535733342170715,0.38416388630867004,false,0
1,0.035155657678842545,0.11170428991317749,false,0
0,0.4271259307861328,0.05888373404741287,false,0
0,0.9803084135055542,0.5721390247344971,true,1
1,0.4808856248855591,0.41537201404571533,true,1
1,0.9965546727180481,0.3325442969799042,false,0
0,0.7839615941047668,0.31159552931785583,true,0
1,0.6535733342170715,0.38416388630867004,false,0
0,0.6586102843284607,0.6302224397659302,false,0
-1,0.08750809729099274,0.3809181749820709,true,0
1,0.6535733342170715,0.38416388630867004,true,1
1,0.4705483913421631,0.3287530243396759,false,0
0,0.6535733342170715,0.38416388630867004,false,0
-1,0.003630193881690502,0.032464828342199326,true,-1
1,0.6535733342170715,0.38416388630867004,true,0
0,0.5848187208175659,0.29819124937057495,true,1
0,0.1113101989030838,0.010079814121127129,true,-1
1,0.000041605744627304375,0.024793554097414017,true,1
1,0.421067476272583,0.8214542269706726,true,1
0,0.27526161074638367,0.274905800819397,true,0
-1,0.6535733342170715,0.38416388630867004,false,0
0,0.6535733342170715,0.38416388630867004,false,0
0,0.6535733342170715,0.38416388630867004,false,0
1,0.6535733342170715,0.38416388630867004,true,1
0,0.6535733342170715,0.38416388630867004,false,0
0,0.6535733342170715,0.38416388630867004,false,0
0,0.12416565418243408,0.0664610043168068,false,0
1,0.0022747903130948544,0.5082816481590271,true,1
-1,0.8999634981155396,0.06656508892774582,true,0
0,0.6535733342170715,0.38416388630867004,false,0
0,0.018495159223675728,0.01339272316545248,true,1
1,0.4815465807914734,0.0481397844851017,true,1
1,0.6535733342170715,0.38416388630867004,true,1
1,0.6535733342170715,0.38416388630867004,true,1
0,0.6535733342170715,0.38416388630867004,false,0
1,0.6535733342170715,0.38416388630867004,true,1
0,0.6535733342170715,0.38416388630867004,false,0
0,0.6535733342170715,0.38416388630867004,false,0
-1,0.10814341902732849,0.21185998618602753,true,-1
1,0.9999176263809204,0.9608336091041565,true,1
-1,0.2386532723903656,0.15048085153102875,true,-1
0,0.06976304948329926,0.5533680319786072,false,0
1,0.052767276763916016,0.033540356904268265,true,1
-1,0.719221830368042,0.4130117893218994,true,-1
-1,0.9811066389083862,0.3981776535511017,false,0
1,0.6535733342170715,0.38416388630867004,false,0
0,0.6535733342170715,0.38416388630867004,false,0
1,0.9999992251396179,0.4707571864128113,true,0
0,0.6535733342170715,0.38416388630867004,true,1
-1,0.9962589144706726,0.6339969635009766,true,-1
0,0.009240125305950642,0.02754981629550457,false,0
1,0.7755909562110901,0.4215109348297119,true,1
0,0.00736039225012064,0.6083483099937439,true,0
0,0.923967719078064,0.357215017080307,false,0
-1,0.3712024688720703,0.4184616804122925,true,1
1,0.4808856248855591,0.41537201404571533,true,1
0,0.19134552776813507,0.039930522441864014,false,0
1,0.6535733342170715,0.38416388630867004,true,1
1,0.6535733342170715,0.38416388630867004,false,0
0,0.0006668932619504631,0.18809065222740173,false,0
0,0.5206055045127869,0.25000545382499695,false,0
1,0.4815465807914734,0.0481397844851017,true,1
0,0.6535733342170715,0.38416388630867004,false,0
1,0.31218221783638,0.24121931195259094,true,1
0,0.43230727314949036,0.9006869792938232,true,1
1,0.6535733342170715,0.38416388630867004,true,1
-1,0.6535733342170715,0.38416388630867004,false,0
-1,0.6535733342170715,0.38416388630867004,true,-1
0,0.06320352852344513,0.34149739146232605,true,1
1,0.9999547600746155,0.5788982510566711,true,1
0,0.029404636472463608,0.027596335858106613,false,0
0,0.9993226528167725,0.9097883105278015,false,0
-1,0.0009605404920876026,0.4675339460372925,true,-1
0,0.6535733342170715,0.38416388630867004,false,0
0,0.6535733342170715,0.38416388630867004,false,0
1,0.6535733342170715,0.38416388630867004,false,0
0,0.6535733342170715,0.38416388630867004,true,-1
0,0.95572429895401,0.40680643916130066,true,0
1,0.9824061989784241,0.12514255940914154,true,1
0,0.687661349773407,0.6614273190498352,true,0
1,0.014224765822291374,0.4396779239177704,true,1
1,0.6535733342170715,0.38416388630867004,false,0
1,0.4815465807914734,0.0481397844851017,true,1
1,0.6535733342170715,0.38416388630867004,true,1
-1,0.8130772113800049,0.45069366693496704,false,0
1,0.6535733342170715,0.38416388630867004,true,1
1,0.6535733342170715,0.38416388630867004,false,0
-1,0.9964931607246399,0.8235098123550415,true,0
-1,0.6045580506324768,0.16347365081310272,true,1
0,0.6535733342170715,0.38416388630867004,false,0
-1,0.6273485422134399,0.435835599899292,true,-1
0,0.6535733342170715,0.38416388630867004,false,0
0,0.9913618564605713,0.9939889311790466,false,0
-1,0.00007068063860060647,0.20892712473869324,true,-1
-1,0.6535733342170715,0.38416388630867004,false,0
1,0.6535733342170715,0.38416388630867004,true,1
-1,0.8500485420227051,0.10585477948188782,true,-1
-1,0.0010934898164123297,0.27464932203292847,true,0
0,0.0009529296075925231,0.9037016034126282,true,0
1,0.6535733342170715,0.38416388630867004,true,1
-1,0.6535733342170715,0.38416388630867004,true,0
1,0.6535733342170715,0.38416388630867004,true,-1
1,0.6535733342170715,0.38416388630867004,true,0
1,0.4808856248855591,0.41537201404571533,true,1
0,0.8853772878646851,0.3286762237548828,true,0
0,0.6535733342170715,0.38416388630867004,true,1
0,0.6535733342170715,0.38416388630867004,false,0
1,0.9440873265266418,0.28167468309402466,true,1
1,0.4815465807914734,0.0481397844851017,true,1
1,0.6535733342170715,0.38416388630867004,true,1
0,0.6535733342170715,0.38416388630867004,false,0
-1,0.9998874068260193,0.5507795810699463,true,-1
-1,0.12706613540649414,0.756614625453949,true,-1
0,0.6392958164215088,0.46154144406318665,true,0
0,0.9986511468887329,0.8984472155570984,true,1
0,0.6535733342170715,0.38416388630867004,false,0
-1,0.004681602586060762,0.12255334854125977,false,0
-1,0.9911197423934937,0.9547830820083618,true,-1
-1,0.6535733342170715,0.38416388630867004,true,1
-1,0.042139943689107895,0.7245339155197144,true,-1
1,0.6535733342170715,0.38416388630867004,true,0
0,0.09821338951587677,0.16256356239318848,false,0
0,0.4378754794597626,0.4395120441913605,false,0
1,0.6411460638046265,0.4203229248523712,true,1
-1,0.08500900119543076,0.5762877464294434,true,0
0,0.6535733342170715,0.38416388630867004,false,0
1,0.8932743668556213,0.9194289445877075,true,1
0,0.902042031288147,0.285488486289978,false,0
1,0.24453578889369965,0.8437840938568115,true,1
0,0.6535733342170715,0.38416388630867004,false,0
1,0.3190096318721771,0.385003000497818,true,1
0,0.914192259311676,0.6753256320953369,false,0
1,0.10040078312158585,0.03109963983297348,false,0
-1,0.00023841096844989806,0.01788743957877159,true,-1
0,0.6535733342170715,0.38416388630867004,false,0
0,0.0913725197315216,0.012877238914370537,false,0
-1,0.12168741226196289,0.385850191116333,true,0
-1,0.008344368077814579,0.41464367508888245,true,1
-1,0.4024599492549896,0.809843122959137,true,-1
1,0.9998483061790466,0.6108509302139282,true,0
0,0.46831217408180237,0.4133946895599365,false,0
-1,0.9950684905052185,0.061208102852106094,true,-1
-1,0.6535733342170715,0.38416388630867004,true,0
0,0.6535733342170715,0.38416388630867004,false,0
1,0.9374588131904602,0.6391683220863342,true,1
0,0.6535733342170715,0.38416388630867004,true,1
0,0.6535733342170715,0.38416388630867004,true,1
1,0.6535733342170715,0.38416388630867004,true,0
1,0.4808856248855591,0.41537201404571533,true,1
-1,0.9893147945404053,0.5728504657745361,true,-1
1,0.976835310459137,0.4094206988811493,true,1
-1,0.3712024688720703,0.4184616804122925,true,0
0,0.6535733342170715,0.38416388630867004,true,1
1,0.4815465807914734,0.0481397844851017,true,1
0,0.6760879158973694,0.788404107093811,false,0
0,0.6535733342170715,0.38416388630867004,false,0
-1,0.9987615346908569,0.6210711598396301,false,0
-1,0.0016996986232697964,0.0548635870218277,true,-1
0,0.9680761694908142,0.2302733063697815,true,-1
0,0.9899960160255432,0.4226808547973633,false,0
0,0.6535733342170715,0.38416388630867004,false,0
-1,0.013439377769827843,0.29014766216278076,true,-1
1,0.5687015056610107,0.01371079869568348,true,1
0,0.6535733342170715,0.38416388630867004,true,-1
0,0.282502144575119,0.4481636583805084,false,0
0,0.6535733342170715,0.38416388630867004,true,-1
0,0.5426409244537354,0.4597032070159912,false,0